file,line,type,commit,author,date,time,timezone,datetime,depth,length
style.css,1,css,791224d1,altilapia,2025-01-10,19:50:06,-08:00,2025-01-10T19:50:06-08:00,0,4
style.css,2,css,791224d1,altilapia,2025-01-10,19:50:06,-08:00,2025-01-10T19:50:06-08:00,2,23
style.css,3,css,596b6802,altilapia,2025-01-17,21:03:45,-08:00,2025-01-17T21:03:45-08:00,2,15
style.css,4,css,596b6802,altilapia,2025-01-17,21:03:45,-08:00,2025-01-17T21:03:45-08:00,2,18
style.css,5,css,596b6802,altilapia,2025-01-17,21:03:45,-08:00,2025-01-17T21:03:45-08:00,2,19
style.css,6,css,596b6802,altilapia,2025-01-17,21:03:45,-08:00,2025-01-17T21:03:45-08:00,2,18
style.css,7,css,596b6802,altilapia,2025-01-17,21:03:45,-08:00,2025-01-17T21:03:45-08:00,2,31
style.css,8,css,596b6802,altilapia,2025-01-17,21:03:45,-08:00,2025-01-17T21:03:45-08:00,1,0
style.css,9,css,596b6802,altilapia,2025-01-17,21:03:45,-08:00,2025-01-17T21:03:45-08:00,0,0
style.css,10,css,596b6802,altilapia,2025-01-17,21:03:45,-08:00,2025-01-17T21:03:45-08:00,1,23
style.css,11,css,596b6802,altilapia,2025-01-17,21:03:45,-08:00,2025-01-17T21:03:45-08:00,2,12
style.css,12,css,596b6802,altilapia,2025-01-17,21:03:45,-08:00,2025-01-17T21:03:45-08:00,1,0
style.css,13,css,596b6802,altilapia,2025-01-17,21:03:45,-08:00,2025-01-17T21:03:45-08:00,0,0
style.css,14,css,596b6802,altilapia,2025-01-17,21:03:45,-08:00,2025-01-17T21:03:45-08:00,1,6
style.css,15,css,596b6802,altilapia,2025-01-17,21:03:45,-08:00,2025-01-17T21:03:45-08:00,2,16
style.css,16,css,596b6802,altilapia,2025-01-17,21:03:45,-08:00,2025-01-17T21:03:45-08:00,1,0
style.css,17,css,596b6802,altilapia,2025-01-17,21:03:45,-08:00,2025-01-17T21:03:45-08:00,0,0
style.css,18,css,596b6802,altilapia,2025-01-17,21:03:45,-08:00,2025-01-17T21:03:45-08:00,1,3
style.css,19,css,596b6802,altilapia,2025-01-17,21:03:45,-08:00,2025-01-17T21:03:45-08:00,2,12
style.css,20,css,596b6802,altilapia,2025-01-17,21:03:45,-08:00,2025-01-17T21:03:45-08:00,2,18
style.css,21,css,596b6802,altilapia,2025-01-17,21:03:45,-08:00,2025-01-17T21:03:45-08:00,2,41
style.css,22,css,596b6802,altilapia,2025-01-17,21:03:45,-08:00,2025-01-17T21:03:45-08:00,2,10
style.css,23,css,596b6802,altilapia,2025-01-17,21:03:45,-08:00,2025-01-17T21:03:45-08:00,1,0
style.css,24,css,596b6802,altilapia,2025-01-17,21:03:45,-08:00,2025-01-17T21:03:45-08:00,1,0
style.css,25,css,596b6802,altilapia,2025-01-17,21:03:45,-08:00,2025-01-17T21:03:45-08:00,1,6
style.css,26,css,596b6802,altilapia,2025-01-17,21:03:45,-08:00,2025-01-17T21:03:45-08:00,2,12
style.css,27,css,596b6802,altilapia,2025-01-17,21:03:45,-08:00,2025-01-17T21:03:45-08:00,2,9
style.css,28,css,596b6802,altilapia,2025-01-17,21:03:45,-08:00,2025-01-17T21:03:45-08:00,2,8
style.css,29,css,596b6802,altilapia,2025-01-17,21:03:45,-08:00,2025-01-17T21:03:45-08:00,2,15
style.css,30,css,596b6802,altilapia,2025-01-17,21:03:45,-08:00,2025-01-17T21:03:45-08:00,2,10
style.css,31,css,596b6802,altilapia,2025-01-17,21:03:45,-08:00,2025-01-17T21:03:45-08:00,2,22
style.css,32,css,596b6802,altilapia,2025-01-17,21:03:45,-08:00,2025-01-17T21:03:45-08:00,1,0
style.css,33,css,596b6802,altilapia,2025-01-17,21:03:45,-08:00,2025-01-17T21:03:45-08:00,0,0
style.css,34,css,596b6802,altilapia,2025-01-17,21:03:45,-08:00,2025-01-17T21:03:45-08:00,1,6
style.css,35,css,596b6802,altilapia,2025-01-17,21:03:45,-08:00,2025-01-17T21:03:45-08:00,2,17
style.css,36,css,596b6802,altilapia,2025-01-17,21:03:45,-08:00,2025-01-17T21:03:45-08:00,2,13
style.css,37,css,596b6802,altilapia,2025-01-17,21:03:45,-08:00,2025-01-17T21:03:45-08:00,1,0
style.css,38,css,596b6802,altilapia,2025-01-17,21:03:45,-08:00,2025-01-17T21:03:45-08:00,0,0
style.css,39,css,596b6802,altilapia,2025-01-17,21:03:45,-08:00,2025-01-17T21:03:45-08:00,1,5
style.css,40,css,596b6802,altilapia,2025-01-17,21:03:45,-08:00,2025-01-17T21:03:45-08:00,2,6
style.css,41,css,596b6802,altilapia,2025-01-17,21:03:45,-08:00,2025-01-17T21:03:45-08:00,2,17
style.css,42,css,596b6802,altilapia,2025-01-17,21:03:45,-08:00,2025-01-17T21:03:45-08:00,2,14
style.css,43,css,596b6802,altilapia,2025-01-17,21:03:45,-08:00,2025-01-17T21:03:45-08:00,2,20
style.css,44,css,596b6802,altilapia,2025-01-17,21:03:45,-08:00,2025-01-17T21:03:45-08:00,2,13
style.css,45,css,596b6802,altilapia,2025-01-17,21:03:45,-08:00,2025-01-17T21:03:45-08:00,1,0
style.css,46,css,596b6802,altilapia,2025-01-17,21:03:45,-08:00,2025-01-17T21:03:45-08:00,0,0
style.css,47,css,596b6802,altilapia,2025-01-17,21:03:45,-08:00,2025-01-17T21:03:45-08:00,1,13
style.css,48,css,ff112bb8,altilapia,2025-01-31,00:37:15,-08:00,2025-01-31T00:37:15-08:00,2,75
style.css,49,css,596b6802,altilapia,2025-01-17,21:03:45,-08:00,2025-01-17T21:03:45-08:00,2,82
style.css,50,css,ff112bb8,altilapia,2025-01-31,00:37:15,-08:00,2025-01-31T00:37:15-08:00,1,0
style.css,51,css,596b6802,altilapia,2025-01-17,21:03:45,-08:00,2025-01-17T21:03:45-08:00,0,0
style.css,52,css,596b6802,altilapia,2025-01-17,21:03:45,-08:00,2025-01-17T21:03:45-08:00,0,11
style.css,53,css,596b6802,altilapia,2025-01-17,21:03:45,-08:00,2025-01-17T21:03:45-08:00,1,81
style.css,54,css,596b6802,altilapia,2025-01-17,21:03:45,-08:00,2025-01-17T21:03:45-08:00,1,82
style.css,55,css,596b6802,altilapia,2025-01-17,21:03:45,-08:00,2025-01-17T21:03:45-08:00,0,0
style.css,56,css,596b6802,altilapia,2025-01-17,21:03:45,-08:00,2025-01-17T21:03:45-08:00,0,0
style.css,57,css,596b6802,altilapia,2025-01-17,21:03:45,-08:00,2025-01-17T21:03:45-08:00,0,9
style.css,58,css,596b6802,altilapia,2025-01-17,21:03:45,-08:00,2025-01-17T21:03:45-08:00,0,9
style.css,59,css,596b6802,altilapia,2025-01-17,21:03:45,-08:00,2025-01-17T21:03:45-08:00,0,12
style.css,60,css,596b6802,altilapia,2025-01-17,21:03:45,-08:00,2025-01-17T21:03:45-08:00,0,10
style.css,61,css,596b6802,altilapia,2025-01-17,21:03:45,-08:00,2025-01-17T21:03:45-08:00,1,13
style.css,62,css,596b6802,altilapia,2025-01-17,21:03:45,-08:00,2025-01-17T21:03:45-08:00,1,10
style.css,63,css,596b6802,altilapia,2025-01-17,21:03:45,-08:00,2025-01-17T21:03:45-08:00,1,21
style.css,64,css,596b6802,altilapia,2025-01-17,21:03:45,-08:00,2025-01-17T21:03:45-08:00,0,0
style.css,65,css,596b6802,altilapia,2025-01-17,21:03:45,-08:00,2025-01-17T21:03:45-08:00,0,0
style.css,66,css,596b6802,altilapia,2025-01-17,21:03:45,-08:00,2025-01-17T21:03:45-08:00,0,11
style.css,67,css,596b6802,altilapia,2025-01-17,21:03:45,-08:00,2025-01-17T21:03:45-08:00,1,15
style.css,68,css,596b6802,altilapia,2025-01-17,21:03:45,-08:00,2025-01-17T21:03:45-08:00,1,61
style.css,69,css,596b6802,altilapia,2025-01-17,21:03:45,-08:00,2025-01-17T21:03:45-08:00,0,0
style.css,70,css,596b6802,altilapia,2025-01-17,21:03:45,-08:00,2025-01-17T21:03:45-08:00,0,0
style.css,71,css,596b6802,altilapia,2025-01-17,21:03:45,-08:00,2025-01-17T21:03:45-08:00,0,10
style.css,72,css,596b6802,altilapia,2025-01-17,21:03:45,-08:00,2025-01-17T21:03:45-08:00,1,19
style.css,73,css,596b6802,altilapia,2025-01-17,21:03:45,-08:00,2025-01-17T21:03:45-08:00,0,0
style.css,74,css,596b6802,altilapia,2025-01-17,21:03:45,-08:00,2025-01-17T21:03:45-08:00,0,0
style.css,75,css,596b6802,altilapia,2025-01-17,21:03:45,-08:00,2025-01-17T21:03:45-08:00,0,4
style.css,76,css,596b6802,altilapia,2025-01-17,21:03:45,-08:00,2025-01-17T21:03:45-08:00,1,12
style.css,77,css,596b6802,altilapia,2025-01-17,21:03:45,-08:00,2025-01-17T21:03:45-08:00,1,25
style.css,78,css,596b6802,altilapia,2025-01-17,21:03:45,-08:00,2025-01-17T21:03:45-08:00,1,15
style.css,79,css,596b6802,altilapia,2025-01-17,21:03:45,-08:00,2025-01-17T21:03:45-08:00,0,0
style.css,80,css,596b6802,altilapia,2025-01-17,21:03:45,-08:00,2025-01-17T21:03:45-08:00,0,0
style.css,81,css,596b6802,altilapia,2025-01-17,21:03:45,-08:00,2025-01-17T21:03:45-08:00,0,9
style.css,82,css,596b6802,altilapia,2025-01-17,21:03:45,-08:00,2025-01-17T21:03:45-08:00,1,12
style.css,83,css,596b6802,altilapia,2025-01-17,21:03:45,-08:00,2025-01-17T21:03:45-08:00,1,58
style.css,84,css,596b6802,altilapia,2025-01-17,21:03:45,-08:00,2025-01-17T21:03:45-08:00,1,7
style.css,85,css,596b6802,altilapia,2025-01-17,21:03:45,-08:00,2025-01-17T21:03:45-08:00,1,29
style.css,86,css,596b6802,altilapia,2025-01-17,21:03:45,-08:00,2025-01-17T21:03:45-08:00,0,0
style.css,87,css,596b6802,altilapia,2025-01-17,21:03:45,-08:00,2025-01-17T21:03:45-08:00,0,0
style.css,88,css,596b6802,altilapia,2025-01-17,21:03:45,-08:00,2025-01-17T21:03:45-08:00,0,7
style.css,89,css,596b6802,altilapia,2025-01-17,21:03:45,-08:00,2025-01-17T21:03:45-08:00,1,12
style.css,90,css,596b6802,altilapia,2025-01-17,21:03:45,-08:00,2025-01-17T21:03:45-08:00,1,26
style.css,91,css,596b6802,altilapia,2025-01-17,21:03:45,-08:00,2025-01-17T21:03:45-08:00,1,14
style.css,92,css,596b6802,altilapia,2025-01-17,21:03:45,-08:00,2025-01-17T21:03:45-08:00,1,7
style.css,93,css,596b6802,altilapia,2025-01-17,21:03:45,-08:00,2025-01-17T21:03:45-08:00,1,15
style.css,94,css,596b6802,altilapia,2025-01-17,21:03:45,-08:00,2025-01-17T21:03:45-08:00,1,17
style.css,95,css,596b6802,altilapia,2025-01-17,21:03:45,-08:00,2025-01-17T21:03:45-08:00,0,0
style.css,96,css,596b6802,altilapia,2025-01-17,21:03:45,-08:00,2025-01-17T21:03:45-08:00,0,0
style.css,97,css,596b6802,altilapia,2025-01-17,21:03:45,-08:00,2025-01-17T21:03:45-08:00,0,10
style.css,98,css,596b6802,altilapia,2025-01-17,21:03:45,-08:00,2025-01-17T21:03:45-08:00,1,8
style.css,99,css,596b6802,altilapia,2025-01-17,21:03:45,-08:00,2025-01-17T21:03:45-08:00,0,0
style.css,100,css,596b6802,altilapia,2025-01-17,21:03:45,-08:00,2025-01-17T21:03:45-08:00,0,0
style.css,101,css,596b6802,altilapia,2025-01-17,21:03:45,-08:00,2025-01-17T21:03:45-08:00,0,11
style.css,102,css,596b6802,altilapia,2025-01-17,21:03:45,-08:00,2025-01-17T21:03:45-08:00,1,10
style.css,103,css,596b6802,altilapia,2025-01-17,21:03:45,-08:00,2025-01-17T21:03:45-08:00,1,11
style.css,104,css,596b6802,altilapia,2025-01-17,21:03:45,-08:00,2025-01-17T21:03:45-08:00,0,0
style.css,105,css,596b6802,altilapia,2025-01-17,21:03:45,-08:00,2025-01-17T21:03:45-08:00,0,0
style.css,106,css,596b6802,altilapia,2025-01-17,21:03:45,-08:00,2025-01-17T21:03:45-08:00,0,2
style.css,107,css,596b6802,altilapia,2025-01-17,21:03:45,-08:00,2025-01-17T21:03:45-08:00,1,14
style.css,108,css,596b6802,altilapia,2025-01-17,21:03:45,-08:00,2025-01-17T21:03:45-08:00,1,19
style.css,109,css,596b6802,altilapia,2025-01-17,21:03:45,-08:00,2025-01-17T21:03:45-08:00,0,0
style.css,110,css,596b6802,altilapia,2025-01-17,21:03:45,-08:00,2025-01-17T21:03:45-08:00,0,0
style.css,111,css,596b6802,altilapia,2025-01-17,21:03:45,-08:00,2025-01-17T21:03:45-08:00,0,2
style.css,112,css,596b6802,altilapia,2025-01-17,21:03:45,-08:00,2025-01-17T21:03:45-08:00,1,14
style.css,113,css,596b6802,altilapia,2025-01-17,21:03:45,-08:00,2025-01-17T21:03:45-08:00,1,15
style.css,114,css,df655639,altilapia,2025-01-25,00:40:39,-08:00,2025-01-25T00:40:39-08:00,0,0
style.css,115,css,df655639,altilapia,2025-01-25,00:40:39,-08:00,2025-01-25T00:40:39-08:00,0,0
style.css,116,css,df655639,altilapia,2025-01-25,00:40:39,-08:00,2025-01-25T00:40:39-08:00,0,4
style.css,117,css,df655639,altilapia,2025-01-25,00:40:39,-08:00,2025-01-25T00:40:39-08:00,1,23
style.css,118,css,df655639,altilapia,2025-01-25,00:40:39,-08:00,2025-01-25T00:40:39-08:00,0,0
style.css,119,css,df655639,altilapia,2025-01-25,00:40:39,-08:00,2025-01-25T00:40:39-08:00,0,0
style.css,120,css,df655639,altilapia,2025-01-25,00:40:39,-08:00,2025-01-25T00:40:39-08:00,0,3
style.css,121,css,df655639,altilapia,2025-01-25,00:40:39,-08:00,2025-01-25T00:40:39-08:00,1,103
style.css,122,css,df655639,altilapia,2025-01-25,00:40:39,-08:00,2025-01-25T00:40:39-08:00,1,39
style.css,123,css,df655639,altilapia,2025-01-25,00:40:39,-08:00,2025-01-25T00:40:39-08:00,1,0
style.css,124,css,df655639,altilapia,2025-01-25,00:40:39,-08:00,2025-01-25T00:40:39-08:00,0,0
style.css,125,css,df655639,altilapia,2025-01-25,00:40:39,-08:00,2025-01-25T00:40:39-08:00,0,0
style.css,126,css,df655639,altilapia,2025-01-25,00:40:39,-08:00,2025-01-25T00:40:39-08:00,0,0
style.css,127,css,df655639,altilapia,2025-01-25,00:40:39,-08:00,2025-01-25T00:40:39-08:00,0,13
style.css,128,css,df655639,altilapia,2025-01-25,00:40:39,-08:00,2025-01-25T00:40:39-08:00,1,17
style.css,129,css,df655639,altilapia,2025-01-25,00:40:39,-08:00,2025-01-25T00:40:39-08:00,1,8
style.css,130,css,df655639,altilapia,2025-01-25,00:40:39,-08:00,2025-01-25T00:40:39-08:00,1,10
style.css,131,css,df655639,altilapia,2025-01-25,00:40:39,-08:00,2025-01-25T00:40:39-08:00,1,19
style.css,132,css,df655639,altilapia,2025-01-25,00:40:39,-08:00,2025-01-25T00:40:39-08:00,1,17
style.css,133,css,df655639,altilapia,2025-01-25,00:40:39,-08:00,2025-01-25T00:40:39-08:00,1,13
style.css,134,css,df655639,altilapia,2025-01-25,00:40:39,-08:00,2025-01-25T00:40:39-08:00,1,14
style.css,135,css,df655639,altilapia,2025-01-25,00:40:39,-08:00,2025-01-25T00:40:39-08:00,0,0
style.css,136,css,df655639,altilapia,2025-01-25,00:40:39,-08:00,2025-01-25T00:40:39-08:00,0,0
style.css,137,css,df655639,altilapia,2025-01-25,00:40:39,-08:00,2025-01-25T00:40:39-08:00,0,20
style.css,138,css,df655639,altilapia,2025-01-25,00:40:39,-08:00,2025-01-25T00:40:39-08:00,1,14
style.css,139,css,df655639,altilapia,2025-01-25,00:40:39,-08:00,2025-01-25T00:40:39-08:00,1,11
style.css,140,css,df655639,altilapia,2025-01-25,00:40:39,-08:00,2025-01-25T00:40:39-08:00,1,15
style.css,141,css,df655639,altilapia,2025-01-25,00:40:39,-08:00,2025-01-25T00:40:39-08:00,0,0
style.css,142,css,df655639,altilapia,2025-01-25,00:40:39,-08:00,2025-01-25T00:40:39-08:00,0,0
style.css,143,css,df655639,altilapia,2025-01-25,00:40:39,-08:00,2025-01-25T00:40:39-08:00,0,21
style.css,144,css,df655639,altilapia,2025-01-25,00:40:39,-08:00,2025-01-25T00:40:39-08:00,0,26
style.css,145,css,df655639,altilapia,2025-01-25,00:40:39,-08:00,2025-01-25T00:40:39-08:00,1,18
style.css,146,css,df655639,altilapia,2025-01-25,00:40:39,-08:00,2025-01-25T00:40:39-08:00,1,18
style.css,147,css,df655639,altilapia,2025-01-25,00:40:39,-08:00,2025-01-25T00:40:39-08:00,0,0
style.css,148,css,df655639,altilapia,2025-01-25,00:40:39,-08:00,2025-01-25T00:40:39-08:00,0,0
style.css,149,css,df655639,altilapia,2025-01-25,00:40:39,-08:00,2025-01-25T00:40:39-08:00,0,20
style.css,150,css,df655639,altilapia,2025-01-25,00:40:39,-08:00,2025-01-25T00:40:39-08:00,0,25
style.css,151,css,df655639,altilapia,2025-01-25,00:40:39,-08:00,2025-01-25T00:40:39-08:00,1,20
style.css,152,css,df655639,altilapia,2025-01-25,00:40:39,-08:00,2025-01-25T00:40:39-08:00,1,18
style.css,153,css,df655639,altilapia,2025-01-25,00:40:39,-08:00,2025-01-25T00:40:39-08:00,0,0
style.css,154,css,df655639,altilapia,2025-01-25,00:40:39,-08:00,2025-01-25T00:40:39-08:00,0,0
style.css,155,css,df655639,altilapia,2025-01-25,00:40:39,-08:00,2025-01-25T00:40:39-08:00,0,42
style.css,156,css,df655639,altilapia,2025-01-25,00:40:39,-08:00,2025-01-25T00:40:39-08:00,0,4
style.css,157,css,df655639,altilapia,2025-01-25,00:40:39,-08:00,2025-01-25T00:40:39-08:00,1,34
style.css,158,css,df655639,altilapia,2025-01-25,00:40:39,-08:00,2025-01-25T00:40:39-08:00,1,23
style.css,159,css,df655639,altilapia,2025-01-25,00:40:39,-08:00,2025-01-25T00:40:39-08:00,1,12
style.css,160,css,df655639,altilapia,2025-01-25,00:40:39,-08:00,2025-01-25T00:40:39-08:00,0,0
style.css,161,css,ff112bb8,altilapia,2025-01-31,00:37:15,-08:00,2025-01-31T00:37:15-08:00,0,0
style.css,162,css,ff112bb8,altilapia,2025-01-31,00:37:15,-08:00,2025-01-31T00:37:15-08:00,0,17
style.css,163,css,ff112bb8,altilapia,2025-01-31,00:37:15,-08:00,2025-01-31T00:37:15-08:00,1,12
style.css,164,css,ff112bb8,altilapia,2025-01-31,00:37:15,-08:00,2025-01-31T00:37:15-08:00,1,36
style.css,165,css,ff112bb8,altilapia,2025-01-31,00:37:15,-08:00,2025-01-31T00:37:15-08:00,1,8
style.css,166,css,ff112bb8,altilapia,2025-01-31,00:37:15,-08:00,2025-01-31T00:37:15-08:00,0,0
style.css,167,css,ff112bb8,altilapia,2025-01-31,00:37:15,-08:00,2025-01-31T00:37:15-08:00,0,0
style.css,168,css,ff112bb8,altilapia,2025-01-31,00:37:15,-08:00,2025-01-31T00:37:15-08:00,0,17
style.css,169,css,ff112bb8,altilapia,2025-01-31,00:37:15,-08:00,2025-01-31T00:37:15-08:00,1,10
style.css,170,css,ff112bb8,altilapia,2025-01-31,00:37:15,-08:00,2025-01-31T00:37:15-08:00,1,16
style.css,171,css,ff112bb8,altilapia,2025-01-31,00:37:15,-08:00,2025-01-31T00:37:15-08:00,0,0
style.css,172,css,ff112bb8,altilapia,2025-01-31,00:37:15,-08:00,2025-01-31T00:37:15-08:00,0,0
style.css,173,css,ff112bb8,altilapia,2025-01-31,00:37:15,-08:00,2025-01-31T00:37:15-08:00,0,17
style.css,174,css,ff112bb8,altilapia,2025-01-31,00:37:15,-08:00,2025-01-31T00:37:15-08:00,1,10
style.css,175,css,ff112bb8,altilapia,2025-01-31,00:37:15,-08:00,2025-01-31T00:37:15-08:00,1,8
style.css,176,css,ff112bb8,altilapia,2025-01-31,00:37:15,-08:00,2025-01-31T00:37:15-08:00,0,0
style.css,177,css,ff112bb8,altilapia,2025-01-31,00:37:15,-08:00,2025-01-31T00:37:15-08:00,0,0
style.css,178,css,b5d82210,altilapia,2025-02-07,17:19:56,-08:00,2025-02-07T17:19:56-08:00,0,18
style.css,179,css,b5d82210,altilapia,2025-02-07,17:19:56,-08:00,2025-02-07T17:19:56-08:00,1,14
style.css,180,css,b5d82210,altilapia,2025-02-07,17:19:56,-08:00,2025-02-07T17:19:56-08:00,1,16
style.css,181,css,b5d82210,altilapia,2025-02-07,17:19:56,-08:00,2025-02-07T17:19:56-08:00,1,16
style.css,182,css,b5d82210,altilapia,2025-02-07,17:19:56,-08:00,2025-02-07T17:19:56-08:00,0,0
style.css,183,css,b5d82210,altilapia,2025-02-07,17:19:56,-08:00,2025-02-07T17:19:56-08:00,0,0
style.css,184,css,b5d82210,altilapia,2025-02-07,17:19:56,-08:00,2025-02-07T17:19:56-08:00,0,10
style.css,185,css,b5d82210,altilapia,2025-02-07,17:19:56,-08:00,2025-02-07T17:19:56-08:00,1,12
style.css,186,css,b5d82210,altilapia,2025-02-07,17:19:56,-08:00,2025-02-07T17:19:56-08:00,1,20
style.css,187,css,b5d82210,altilapia,2025-02-07,17:19:56,-08:00,2025-02-07T17:19:56-08:00,1,7
style.css,188,css,b5d82210,altilapia,2025-02-07,17:19:56,-08:00,2025-02-07T17:19:56-08:00,1,18
style.css,189,css,b5d82210,altilapia,2025-02-07,17:19:56,-08:00,2025-02-07T17:19:56-08:00,1,21
style.css,190,css,b5d82210,altilapia,2025-02-07,17:19:56,-08:00,2025-02-07T17:19:56-08:00,0,0
style.css,191,css,b5d82210,altilapia,2025-02-07,17:19:56,-08:00,2025-02-07T17:19:56-08:00,0,0
style.css,192,css,b5d82210,altilapia,2025-02-07,17:19:56,-08:00,2025-02-07T17:19:56-08:00,0,0
style.css,193,css,b5d82210,altilapia,2025-02-07,17:19:56,-08:00,2025-02-07T17:19:56-08:00,0,0
style.css,194,css,b5d82210,altilapia,2025-02-07,17:19:56,-08:00,2025-02-07T17:19:56-08:00,0,7
style.css,195,css,b5d82210,altilapia,2025-02-07,17:19:56,-08:00,2025-02-07T17:19:56-08:00,1,12
style.css,196,css,b5d82210,altilapia,2025-02-07,17:19:56,-08:00,2025-02-07T17:19:56-08:00,1,57
style.css,197,css,b5d82210,altilapia,2025-02-07,17:19:56,-08:00,2025-02-07T17:19:56-08:00,1,7
style.css,198,css,b5d82210,altilapia,2025-02-07,17:19:56,-08:00,2025-02-07T17:19:56-08:00,1,24
style.css,199,css,b5d82210,altilapia,2025-02-07,17:19:56,-08:00,2025-02-07T17:19:56-08:00,1,17
style.css,200,css,b5d82210,altilapia,2025-02-07,17:19:56,-08:00,2025-02-07T17:19:56-08:00,1,11
style.css,201,css,b5d82210,altilapia,2025-02-07,17:19:56,-08:00,2025-02-07T17:19:56-08:00,1,12
style.css,202,css,b5d82210,altilapia,2025-02-07,17:19:56,-08:00,2025-02-07T17:19:56-08:00,1,6
style.css,203,css,b5d82210,altilapia,2025-02-07,17:19:56,-08:00,2025-02-07T17:19:56-08:00,1,15
style.css,204,css,b5d82210,altilapia,2025-02-07,17:19:56,-08:00,2025-02-07T17:19:56-08:00,1,21
style.css,205,css,b5d82210,altilapia,2025-02-07,17:19:56,-08:00,2025-02-07T17:19:56-08:00,0,0
style.css,206,css,b5d82210,altilapia,2025-02-07,17:19:56,-08:00,2025-02-07T17:19:56-08:00,0,0
style.css,207,css,b5d82210,altilapia,2025-02-07,17:19:56,-08:00,2025-02-07T17:19:56-08:00,0,0
style.css,208,css,b5d82210,altilapia,2025-02-07,17:19:56,-08:00,2025-02-07T17:19:56-08:00,0,10
style.css,209,css,b5d82210,altilapia,2025-02-07,17:19:56,-08:00,2025-02-07T17:19:56-08:00,1,12
style.css,210,css,b5d82210,altilapia,2025-02-07,17:19:56,-08:00,2025-02-07T17:19:56-08:00,1,18
style.css,211,css,b5d82210,altilapia,2025-02-07,17:19:56,-08:00,2025-02-07T17:19:56-08:00,1,9
style.css,212,css,b5d82210,altilapia,2025-02-07,17:19:56,-08:00,2025-02-07T17:19:56-08:00,1,14
style.css,213,css,b5d82210,altilapia,2025-02-07,17:19:56,-08:00,2025-02-07T17:19:56-08:00,1,17
style.css,214,css,b5d82210,altilapia,2025-02-07,17:19:56,-08:00,2025-02-07T17:19:56-08:00,0,0
style.css,215,css,b5d82210,altilapia,2025-02-07,17:19:56,-08:00,2025-02-07T17:19:56-08:00,0,0
style.css,216,css,b5d82210,altilapia,2025-02-07,17:19:56,-08:00,2025-02-07T17:19:56-08:00,0,0
style.css,217,css,b5d82210,altilapia,2025-02-07,17:19:56,-08:00,2025-02-07T17:19:56-08:00,0,15
style.css,218,css,b5d82210,altilapia,2025-02-07,17:19:56,-08:00,2025-02-07T17:19:56-08:00,1,20
style.css,219,css,b5d82210,altilapia,2025-02-07,17:19:56,-08:00,2025-02-07T17:19:56-08:00,1,10
style.css,220,css,b5d82210,altilapia,2025-02-07,17:19:56,-08:00,2025-02-07T17:19:56-08:00,1,11
style.css,221,css,b5d82210,altilapia,2025-02-07,17:19:56,-08:00,2025-02-07T17:19:56-08:00,1,29
style.css,222,css,b5d82210,altilapia,2025-02-07,17:19:56,-08:00,2025-02-07T17:19:56-08:00,1,17
style.css,223,css,b5d82210,altilapia,2025-02-07,17:19:56,-08:00,2025-02-07T17:19:56-08:00,0,0
style.css,224,css,b5d82210,altilapia,2025-02-07,17:19:56,-08:00,2025-02-07T17:19:56-08:00,0,0
style.css,225,css,b5d82210,altilapia,2025-02-07,17:19:56,-08:00,2025-02-07T17:19:56-08:00,0,17
style.css,226,css,b5d82210,altilapia,2025-02-07,17:19:56,-08:00,2025-02-07T17:19:56-08:00,1,16
style.css,227,css,b5d82210,altilapia,2025-02-07,17:19:56,-08:00,2025-02-07T17:19:56-08:00,2,11
style.css,228,css,b5d82210,altilapia,2025-02-07,17:19:56,-08:00,2025-02-07T17:19:56-08:00,1,0
style.css,229,css,b5d82210,altilapia,2025-02-07,17:19:56,-08:00,2025-02-07T17:19:56-08:00,0,0
style.css,230,css,b5d82210,altilapia,2025-02-07,17:19:56,-08:00,2025-02-07T17:19:56-08:00,0,0
style.css,231,css,b5d82210,altilapia,2025-02-07,17:19:56,-08:00,2025-02-07T17:19:56-08:00,0,4
style.css,232,css,b5d82210,altilapia,2025-02-07,17:19:56,-08:00,2025-02-07T17:19:56-08:00,1,16
style.css,233,css,b5d82210,altilapia,2025-02-07,17:19:56,-08:00,2025-02-07T17:19:56-08:00,1,14
style.css,234,css,b5d82210,altilapia,2025-02-07,17:19:56,-08:00,2025-02-07T17:19:56-08:00,0,0
style.css,235,css,b5d82210,altilapia,2025-02-07,17:19:56,-08:00,2025-02-07T17:19:56-08:00,0,0
style.css,236,css,b5d82210,altilapia,2025-02-07,17:19:56,-08:00,2025-02-07T17:19:56-08:00,0,9
style.css,237,css,b5d82210,altilapia,2025-02-07,17:19:56,-08:00,2025-02-07T17:19:56-08:00,1,35
style.css,238,css,b5d82210,altilapia,2025-02-07,17:19:56,-08:00,2025-02-07T17:19:56-08:00,0,0
style.css,239,css,b5d82210,altilapia,2025-02-07,17:19:56,-08:00,2025-02-07T17:19:56-08:00,1,10
style.css,240,css,b5d82210,altilapia,2025-02-07,17:19:56,-08:00,2025-02-07T17:19:56-08:00,2,17
style.css,241,css,b5d82210,altilapia,2025-02-07,17:19:56,-08:00,2025-02-07T17:19:56-08:00,1,0
style.css,242,css,b5d82210,altilapia,2025-02-07,17:19:56,-08:00,2025-02-07T17:19:56-08:00,0,0
resume.css,1,css,596b6802,altilapia,2025-01-17,21:03:45,-08:00,2025-01-17T21:03:45-08:00,0,20
resume.css,2,css,596b6802,altilapia,2025-01-17,21:03:45,-08:00,2025-01-17T21:03:45-08:00,2,14
resume.css,3,css,596b6802,altilapia,2025-01-17,21:03:45,-08:00,2025-01-17T21:03:45-08:00,0,0
resume.css,4,css,596b6802,altilapia,2025-01-17,21:03:45,-08:00,2025-01-17T21:03:45-08:00,0,0
resume.css,5,css,596b6802,altilapia,2025-01-17,21:03:45,-08:00,2025-01-17T21:03:45-08:00,0,7
resume.css,6,css,596b6802,altilapia,2025-01-17,21:03:45,-08:00,2025-01-17T21:03:45-08:00,2,15
resume.css,7,css,596b6802,altilapia,2025-01-17,21:03:45,-08:00,2025-01-17T21:03:45-08:00,2,15
resume.css,8,css,596b6802,altilapia,2025-01-17,21:03:45,-08:00,2025-01-17T21:03:45-08:00,2,12
resume.css,9,css,596b6802,altilapia,2025-01-17,21:03:45,-08:00,2025-01-17T21:03:45-08:00,2,17
resume.css,10,css,596b6802,altilapia,2025-01-17,21:03:45,-08:00,2025-01-17T21:03:45-08:00,2,39
resume.css,11,css,596b6802,altilapia,2025-01-17,21:03:45,-08:00,2025-01-17T21:03:45-08:00,0,0
resume.css,12,css,596b6802,altilapia,2025-01-17,21:03:45,-08:00,2025-01-17T21:03:45-08:00,0,0
resume.css,13,css,596b6802,altilapia,2025-01-17,21:03:45,-08:00,2025-01-17T21:03:45-08:00,0,17
resume.css,14,css,596b6802,altilapia,2025-01-17,21:03:45,-08:00,2025-01-17T21:03:45-08:00,2,17
resume.css,15,css,596b6802,altilapia,2025-01-17,21:03:45,-08:00,2025-01-17T21:03:45-08:00,0,0
resume.css,16,css,596b6802,altilapia,2025-01-17,21:03:45,-08:00,2025-01-17T21:03:45-08:00,0,0
resume.css,17,css,596b6802,altilapia,2025-01-17,21:03:45,-08:00,2025-01-17T21:03:45-08:00,0,17
resume.css,18,css,596b6802,altilapia,2025-01-17,21:03:45,-08:00,2025-01-17T21:03:45-08:00,2,17
resume.css,19,css,df655639,altilapia,2025-01-25,00:40:39,-08:00,2025-01-25T00:40:39-08:00,2,18
resume.css,20,css,596b6802,altilapia,2025-01-17,21:03:45,-08:00,2025-01-17T21:03:45-08:00,2,15
resume.css,21,css,596b6802,altilapia,2025-01-17,21:03:45,-08:00,2025-01-17T21:03:45-08:00,0,0
resume.css,22,css,596b6802,altilapia,2025-01-17,21:03:45,-08:00,2025-01-17T21:03:45-08:00,0,0
resume.css,23,css,596b6802,altilapia,2025-01-17,21:03:45,-08:00,2025-01-17T21:03:45-08:00,0,15
resume.css,24,css,596b6802,altilapia,2025-01-17,21:03:45,-08:00,2025-01-17T21:03:45-08:00,2,12
resume.css,25,css,596b6802,altilapia,2025-01-17,21:03:45,-08:00,2025-01-17T21:03:45-08:00,2,29
resume.css,26,css,596b6802,altilapia,2025-01-17,21:03:45,-08:00,2025-01-17T21:03:45-08:00,2,7
resume.css,27,css,596b6802,altilapia,2025-01-17,21:03:45,-08:00,2025-01-17T21:03:45-08:00,0,0
resume.css,28,css,596b6802,altilapia,2025-01-17,21:03:45,-08:00,2025-01-17T21:03:45-08:00,0,0
resume.css,29,css,596b6802,altilapia,2025-01-17,21:03:45,-08:00,2025-01-17T21:03:45-08:00,0,18
resume.css,30,css,596b6802,altilapia,2025-01-17,21:03:45,-08:00,2025-01-17T21:03:45-08:00,2,17
resume.css,31,css,596b6802,altilapia,2025-01-17,21:03:45,-08:00,2025-01-17T21:03:45-08:00,2,16
resume.css,32,css,596b6802,altilapia,2025-01-17,21:03:45,-08:00,2025-01-17T21:03:45-08:00,0,0
resume.css,33,css,596b6802,altilapia,2025-01-17,21:03:45,-08:00,2025-01-17T21:03:45-08:00,0,0
resume.css,34,css,596b6802,altilapia,2025-01-17,21:03:45,-08:00,2025-01-17T21:03:45-08:00,0,16
resume.css,35,css,596b6802,altilapia,2025-01-17,21:03:45,-08:00,2025-01-17T21:03:45-08:00,0,20
resume.css,36,css,596b6802,altilapia,2025-01-17,21:03:45,-08:00,2025-01-17T21:03:45-08:00,2,17
resume.css,37,css,596b6802,altilapia,2025-01-17,21:03:45,-08:00,2025-01-17T21:03:45-08:00,0,0
resume.css,38,css,596b6802,altilapia,2025-01-17,21:03:45,-08:00,2025-01-17T21:03:45-08:00,0,0
resume.css,39,css,596b6802,altilapia,2025-01-17,21:03:45,-08:00,2025-01-17T21:03:45-08:00,0,2
resume.css,40,css,596b6802,altilapia,2025-01-17,21:03:45,-08:00,2025-01-17T21:03:45-08:00,2,13
resume.css,41,css,596b6802,altilapia,2025-01-17,21:03:45,-08:00,2025-01-17T21:03:45-08:00,2,17
resume.css,42,css,596b6802,altilapia,2025-01-17,21:03:45,-08:00,2025-01-17T21:03:45-08:00,0,0
resume.css,43,css,596b6802,altilapia,2025-01-17,21:03:45,-08:00,2025-01-17T21:03:45-08:00,0,0
resume.css,44,css,596b6802,altilapia,2025-01-17,21:03:45,-08:00,2025-01-17T21:03:45-08:00,0,2
resume.css,45,css,596b6802,altilapia,2025-01-17,21:03:45,-08:00,2025-01-17T21:03:45-08:00,2,17
resume.css,46,css,596b6802,altilapia,2025-01-17,21:03:45,-08:00,2025-01-17T21:03:45-08:00,2,14
resume.css,47,css,596b6802,altilapia,2025-01-17,21:03:45,-08:00,2025-01-17T21:03:45-08:00,0,0
resume.css,48,css,596b6802,altilapia,2025-01-17,21:03:45,-08:00,2025-01-17T21:03:45-08:00,0,0
resume.css,49,css,df655639,altilapia,2025-01-25,00:40:39,-08:00,2025-01-25T00:40:39-08:00,0,4
resume.css,50,css,df655639,altilapia,2025-01-25,00:40:39,-08:00,2025-01-25T00:40:39-08:00,2,23
resume.css,51,css,df655639,altilapia,2025-01-25,00:40:39,-08:00,2025-01-25T00:40:39-08:00,1,0
resume.css,52,css,df655639,altilapia,2025-01-25,00:40:39,-08:00,2025-01-25T00:40:39-08:00,1,0
resume.css,53,css,df655639,altilapia,2025-01-25,00:40:39,-08:00,2025-01-25T00:40:39-08:00,0,3
resume.css,54,css,df655639,altilapia,2025-01-25,00:40:39,-08:00,2025-01-25T00:40:39-08:00,2,103
resume.css,55,css,df655639,altilapia,2025-01-25,00:40:39,-08:00,2025-01-25T00:40:39-08:00,2,39
resume.css,56,css,df655639,altilapia,2025-01-25,00:40:39,-08:00,2025-01-25T00:40:39-08:00,2,0
resume.css,57,css,df655639,altilapia,2025-01-25,00:40:39,-08:00,2025-01-25T00:40:39-08:00,0,0
resume.css,58,css,df655639,altilapia,2025-01-25,00:40:39,-08:00,2025-01-25T00:40:39-08:00,1,0
resume.css,59,css,df655639,altilapia,2025-01-25,00:40:39,-08:00,2025-01-25T00:40:39-08:00,1,0
resume.css,60,css,df655639,altilapia,2025-01-25,00:40:39,-08:00,2025-01-25T00:40:39-08:00,0,13
resume.css,61,css,df655639,altilapia,2025-01-25,00:40:39,-08:00,2025-01-25T00:40:39-08:00,2,17
resume.css,62,css,df655639,altilapia,2025-01-25,00:40:39,-08:00,2025-01-25T00:40:39-08:00,2,16
resume.css,63,css,df655639,altilapia,2025-01-25,00:40:39,-08:00,2025-01-25T00:40:39-08:00,2,17
resume.css,64,css,df655639,altilapia,2025-01-25,00:40:39,-08:00,2025-01-25T00:40:39-08:00,2,14
resume.css,65,css,df655639,altilapia,2025-01-25,00:40:39,-08:00,2025-01-25T00:40:39-08:00,0,0
resume.css,66,css,df655639,altilapia,2025-01-25,00:40:39,-08:00,2025-01-25T00:40:39-08:00,1,0
resume.css,67,css,df655639,altilapia,2025-01-25,00:40:39,-08:00,2025-01-25T00:40:39-08:00,0,20
resume.css,68,css,df655639,altilapia,2025-01-25,00:40:39,-08:00,2025-01-25T00:40:39-08:00,2,14
resume.css,69,css,df655639,altilapia,2025-01-25,00:40:39,-08:00,2025-01-25T00:40:39-08:00,2,11
resume.css,70,css,df655639,altilapia,2025-01-25,00:40:39,-08:00,2025-01-25T00:40:39-08:00,2,15
resume.css,71,css,df655639,altilapia,2025-01-25,00:40:39,-08:00,2025-01-25T00:40:39-08:00,0,0
resume.css,72,css,df655639,altilapia,2025-01-25,00:40:39,-08:00,2025-01-25T00:40:39-08:00,1,0
resume.css,73,css,df655639,altilapia,2025-01-25,00:40:39,-08:00,2025-01-25T00:40:39-08:00,0,0
resume.css,74,css,df655639,altilapia,2025-01-25,00:40:39,-08:00,2025-01-25T00:40:39-08:00,0,25
resume.css,75,css,df655639,altilapia,2025-01-25,00:40:39,-08:00,2025-01-25T00:40:39-08:00,2,18
resume.css,76,css,df655639,altilapia,2025-01-25,00:40:39,-08:00,2025-01-25T00:40:39-08:00,2,18
resume.css,77,css,df655639,altilapia,2025-01-25,00:40:39,-08:00,2025-01-25T00:40:39-08:00,0,0
resume.css,78,css,df655639,altilapia,2025-01-25,00:40:39,-08:00,2025-01-25T00:40:39-08:00,1,0
resume.css,79,css,df655639,altilapia,2025-01-25,00:40:39,-08:00,2025-01-25T00:40:39-08:00,0,24
resume.css,80,css,df655639,altilapia,2025-01-25,00:40:39,-08:00,2025-01-25T00:40:39-08:00,2,20
resume.css,81,css,df655639,altilapia,2025-01-25,00:40:39,-08:00,2025-01-25T00:40:39-08:00,2,18
resume.css,82,css,df655639,altilapia,2025-01-25,00:40:39,-08:00,2025-01-25T00:40:39-08:00,0,0
resume.css,83,css,df655639,altilapia,2025-01-25,00:40:39,-08:00,2025-01-25T00:40:39-08:00,1,0
resume.css,84,css,df655639,altilapia,2025-01-25,00:40:39,-08:00,2025-01-25T00:40:39-08:00,0,4
resume.css,85,css,df655639,altilapia,2025-01-25,00:40:39,-08:00,2025-01-25T00:40:39-08:00,2,34
resume.css,86,css,df655639,altilapia,2025-01-25,00:40:39,-08:00,2025-01-25T00:40:39-08:00,2,23
resume.css,87,css,df655639,altilapia,2025-01-25,00:40:39,-08:00,2025-01-25T00:40:39-08:00,2,12
resume.css,88,css,df655639,altilapia,2025-01-25,00:40:39,-08:00,2025-01-25T00:40:39-08:00,0,0
index.js,1,js,ee773b52,altilapia,2025-02-07,19:58:56,-08:00,2025-02-07T19:58:56-08:00,0,71
index.js,2,js,ff112bb8,altilapia,2025-01-31,00:37:15,-08:00,2025-01-31T00:37:15-08:00,0,0
index.js,3,js,ff112bb8,altilapia,2025-01-31,00:37:15,-08:00,2025-01-31T00:37:15-08:00,0,29
index.js,4,js,ff112bb8,altilapia,2025-01-31,00:37:15,-08:00,2025-01-31T00:37:15-08:00,1,3
index.js,5,js,ee773b52,altilapia,2025-02-07,19:58:56,-08:00,2025-02-07T19:58:56-08:00,2,54
index.js,6,js,ff112bb8,altilapia,2025-01-31,00:37:15,-08:00,2025-01-31T00:37:15-08:00,2,42
index.js,7,js,ff112bb8,altilapia,2025-01-31,00:37:15,-08:00,2025-01-31T00:37:15-08:00,2,60
index.js,8,js,ff112bb8,altilapia,2025-01-31,00:37:15,-08:00,2025-01-31T00:37:15-08:00,2,54
index.js,9,js,ff112bb8,altilapia,2025-01-31,00:37:15,-08:00,2025-01-31T00:37:15-08:00,1,15
index.js,10,js,ff112bb8,altilapia,2025-01-31,00:37:15,-08:00,2025-01-31T00:37:15-08:00,2,46
index.js,11,js,ff112bb8,altilapia,2025-01-31,00:37:15,-08:00,2025-01-31T00:37:15-08:00,1,0
index.js,12,js,ff112bb8,altilapia,2025-01-31,00:37:15,-08:00,2025-01-31T00:37:15-08:00,0,0
index.js,13,js,ff112bb8,altilapia,2025-01-31,00:37:15,-08:00,2025-01-31T00:37:15-08:00,0,0
index.js,14,js,ff112bb8,altilapia,2025-01-31,00:37:15,-08:00,2025-01-31T00:37:15-08:00,0,31
index.js,15,js,ff112bb8,altilapia,2025-01-31,00:37:15,-08:00,2025-01-31T00:37:15-08:00,2,3
index.js,16,js,ff112bb8,altilapia,2025-01-31,00:37:15,-08:00,2025-01-31T00:37:15-08:00,3,52
index.js,17,js,ff112bb8,altilapia,2025-01-31,00:37:15,-08:00,2025-01-31T00:37:15-08:00,3,21
index.js,18,js,ff112bb8,altilapia,2025-01-31,00:37:15,-08:00,2025-01-31T00:37:15-08:00,3,60
index.js,19,js,ff112bb8,altilapia,2025-01-31,00:37:15,-08:00,2025-01-31T00:37:15-08:00,3,17
index.js,20,js,ff112bb8,altilapia,2025-01-31,00:37:15,-08:00,2025-01-31T00:37:15-08:00,4,24
index.js,21,js,ff112bb8,altilapia,2025-01-31,00:37:15,-08:00,2025-01-31T00:37:15-08:00,5,2
index.js,22,js,ff112bb8,altilapia,2025-01-31,00:37:15,-08:00,2025-01-31T00:37:15-08:00,6,55
index.js,23,js,ff112bb8,altilapia,2025-01-31,00:37:15,-08:00,2025-01-31T00:37:15-08:00,6,55
index.js,24,js,ff112bb8,altilapia,2025-01-31,00:37:15,-08:00,2025-01-31T00:37:15-08:00,6,49
index.js,25,js,ff112bb8,altilapia,2025-01-31,00:37:15,-08:00,2025-01-31T00:37:15-08:00,6,49
index.js,26,js,ff112bb8,altilapia,2025-01-31,00:37:15,-08:00,2025-01-31T00:37:15-08:00,5,3
index.js,27,js,ff112bb8,altilapia,2025-01-31,00:37:15,-08:00,2025-01-31T00:37:15-08:00,4,0
index.js,28,js,ff112bb8,altilapia,2025-01-31,00:37:15,-08:00,2025-01-31T00:37:15-08:00,3,0
index.js,29,js,ff112bb8,altilapia,2025-01-31,00:37:15,-08:00,2025-01-31T00:37:15-08:00,2,15
index.js,30,js,ff112bb8,altilapia,2025-01-31,00:37:15,-08:00,2025-01-31T00:37:15-08:00,3,50
index.js,31,js,ff112bb8,altilapia,2025-01-31,00:37:15,-08:00,2025-01-31T00:37:15-08:00,2,0
index.js,32,js,ff112bb8,altilapia,2025-01-31,00:37:15,-08:00,2025-01-31T00:37:15-08:00,1,0
index.js,33,js,ff112bb8,altilapia,2025-01-31,00:37:15,-08:00,2025-01-31T00:37:15-08:00,1,0
index.js,34,js,ff112bb8,altilapia,2025-01-31,00:37:15,-08:00,2025-01-31T00:37:15-08:00,0,13
index.js,35,js,ff112bb8,altilapia,2025-01-31,00:37:15,-08:00,2025-01-31T00:37:15-08:00,0,15
index.js,36,js,ff112bb8,altilapia,2025-01-31,00:37:15,-08:00,2025-01-31T00:37:15-08:00,0,0
index.html,1,html,ef39a55b,altilapia,2025-01-10,13:37:05,-08:00,2025-01-10T13:37:05-08:00,0,13
index.html,2,html,fc0c0615,altilapia,2025-01-25,01:11:51,-08:00,2025-01-25T01:11:51-08:00,0,27
index.html,3,html,ef39a55b,altilapia,2025-01-10,13:37:05,-08:00,2025-01-10T13:37:05-08:00,0,4
index.html,4,html,ef39a55b,altilapia,2025-01-10,13:37:05,-08:00,2025-01-10T13:37:05-08:00,2,20
index.html,5,html,ef39a55b,altilapia,2025-01-10,13:37:05,-08:00,2025-01-10T13:37:05-08:00,2,68
index.html,6,html,ef39a55b,altilapia,2025-01-10,13:37:05,-08:00,2025-01-10T13:37:05-08:00,2,56
index.html,7,html,791224d1,altilapia,2025-01-10,19:50:06,-08:00,2025-01-10T19:50:06-08:00,2,38
index.html,8,html,ff112bb8,altilapia,2025-01-31,00:37:15,-08:00,2025-01-31T00:37:15-08:00,2,51
index.html,9,html,ff112bb8,altilapia,2025-01-31,00:37:15,-08:00,2025-01-31T00:37:15-08:00,2,50
index.html,10,html,fc0c0615,altilapia,2025-01-25,01:11:51,-08:00,2025-01-25T01:11:51-08:00,0,0
index.html,11,html,df655639,altilapia,2025-01-25,00:40:39,-08:00,2025-01-25T00:40:39-08:00,0,0
index.html,12,html,ef39a55b,altilapia,2025-01-10,13:37:05,-08:00,2025-01-10T13:37:05-08:00,0,5
index.html,13,html,ef39a55b,altilapia,2025-01-10,13:37:05,-08:00,2025-01-10T13:37:05-08:00,0,4
index.html,14,html,ef39a55b,altilapia,2025-01-10,13:37:05,-08:00,2025-01-10T13:37:05-08:00,2,21
index.html,15,html,596b6802,altilapia,2025-01-17,21:03:45,-08:00,2025-01-17T21:03:45-08:00,2,109
index.html,16,html,df655639,altilapia,2025-01-25,00:40:39,-08:00,2025-01-25T00:40:39-08:00,2,8
index.html,17,html,596b6802,altilapia,2025-01-17,21:03:45,-08:00,2025-01-17T21:03:45-08:00,4,2
index.html,18,html,596b6802,altilapia,2025-01-17,21:03:45,-08:00,2025-01-17T21:03:45-08:00,5,52
index.html,19,html,596b6802,altilapia,2025-01-17,21:03:45,-08:00,2025-01-17T21:03:45-08:00,5,47
index.html,20,html,596b6802,altilapia,2025-01-17,21:03:45,-08:00,2025-01-17T21:03:45-08:00,5,49
index.html,21,html,596b6802,altilapia,2025-01-17,21:03:45,-08:00,2025-01-17T21:03:45-08:00,5,72
index.html,22,html,596b6802,altilapia,2025-01-17,21:03:45,-08:00,2025-01-17T21:03:45-08:00,5,46
index.html,23,html,596b6802,altilapia,2025-01-17,21:03:45,-08:00,2025-01-17T21:03:45-08:00,4,3
index.html,24,html,df655639,altilapia,2025-01-25,00:40:39,-08:00,2025-01-25T00:40:39-08:00,3,8
index.html,25,html,791224d1,altilapia,2025-01-10,19:50:06,-08:00,2025-01-10T19:50:06-08:00,2,53
index.html,26,html,df655639,altilapia,2025-01-25,00:40:39,-08:00,2025-01-25T00:40:39-08:00,0,0
index.html,27,html,ff112bb8,altilapia,2025-01-31,00:37:15,-08:00,2025-01-31T00:37:15-08:00,2,22
index.html,28,html,ff112bb8,altilapia,2025-01-31,00:37:15,-08:00,2025-01-31T00:37:15-08:00,2,20
index.html,29,html,ff112bb8,altilapia,2025-01-31,00:37:15,-08:00,2025-01-31T00:37:15-08:00,2,4
index.html,30,html,ff112bb8,altilapia,2025-01-31,00:37:15,-08:00,2025-01-31T00:37:15-08:00,0,0
index.html,31,html,ff112bb8,altilapia,2025-01-31,00:37:15,-08:00,2025-01-31T00:37:15-08:00,2,27
index.html,32,html,e8d31dd2,altilapia,2025-01-31,01:10:55,-08:00,2025-01-31T01:10:55-08:00,2,22
index.html,33,html,e8d31dd2,altilapia,2025-01-31,01:10:55,-08:00,2025-01-31T01:10:55-08:00,3,50
index.html,34,html,ff112bb8,altilapia,2025-01-31,00:37:15,-08:00,2025-01-31T00:37:15-08:00,2,4
index.html,35,html,df655639,altilapia,2025-01-25,00:40:39,-08:00,2025-01-25T00:40:39-08:00,0,0
index.html,36,html,ef39a55b,altilapia,2025-01-10,13:37:05,-08:00,2025-01-10T13:37:05-08:00,0,5
index.html,37,html,ef39a55b,altilapia,2025-01-10,13:37:05,-08:00,2025-01-10T13:37:05-08:00,0,5
global.js,1,js,df655639,altilapia,2025-01-25,00:40:39,-08:00,2025-01-25T00:40:39-08:00,0,25
global.js,2,js,df655639,altilapia,2025-01-25,00:40:39,-08:00,2025-01-25T00:40:39-08:00,0,0
global.js,3,js,df655639,altilapia,2025-01-25,00:40:39,-08:00,2025-01-25T00:40:39-08:00,0,41
global.js,4,js,df655639,altilapia,2025-01-25,00:40:39,-08:00,2025-01-25T00:40:39-08:00,1,52
global.js,5,js,df655639,altilapia,2025-01-25,00:40:39,-08:00,2025-01-25T00:40:39-08:00,0,0
global.js,6,js,df655639,altilapia,2025-01-25,00:40:39,-08:00,2025-01-25T00:40:39-08:00,0,0
global.js,7,js,ff112bb8,altilapia,2025-01-31,00:37:15,-08:00,2025-01-31T00:37:15-08:00,0,30
global.js,8,js,37394fe3,altilapia,2025-01-25,01:40:29,-08:00,2025-01-25T01:40:29-08:00,0,38
global.js,9,js,37394fe3,altilapia,2025-01-25,01:40:29,-08:00,2025-01-25T01:40:29-08:00,0,25
global.js,10,js,df655639,altilapia,2025-01-25,00:40:39,-08:00,2025-01-25T00:40:39-08:00,0,0
global.js,11,js,ff112bb8,altilapia,2025-01-31,00:37:15,-08:00,2025-01-31T00:37:15-08:00,0,17
global.js,12,js,df655639,altilapia,2025-01-25,00:40:39,-08:00,2025-01-25T00:40:39-08:00,0,11
global.js,13,js,ff112bb8,altilapia,2025-01-31,00:37:15,-08:00,2025-01-31T00:37:15-08:00,1,35
global.js,14,js,ff112bb8,altilapia,2025-01-31,00:37:15,-08:00,2025-01-31T00:37:15-08:00,1,48
global.js,15,js,ff112bb8,altilapia,2025-01-31,00:37:15,-08:00,2025-01-31T00:37:15-08:00,1,46
global.js,16,js,ff112bb8,altilapia,2025-01-31,00:37:15,-08:00,2025-01-31T00:37:15-08:00,1,45
global.js,17,js,857fd09f,altilapia,2025-02-12,03:01:05,-08:00,2025-02-12T03:01:05-08:00,1,39
global.js,18,js,ff112bb8,altilapia,2025-01-31,00:37:15,-08:00,2025-01-31T00:37:15-08:00,0,0
global.js,19,js,df655639,altilapia,2025-01-25,00:40:39,-08:00,2025-01-25T00:40:39-08:00,0,0
global.js,20,js,df655639,altilapia,2025-01-25,00:40:39,-08:00,2025-01-25T00:40:39-08:00,0,70
global.js,21,js,df655639,altilapia,2025-01-25,00:40:39,-08:00,2025-01-25T00:40:39-08:00,0,0
global.js,22,js,df655639,altilapia,2025-01-25,00:40:39,-08:00,2025-01-25T00:40:39-08:00,0,20
global.js,23,js,ff112bb8,altilapia,2025-01-31,00:37:15,-08:00,2025-01-31T00:37:15-08:00,1,14
global.js,24,js,ff112bb8,altilapia,2025-01-31,00:37:15,-08:00,2025-01-31T00:37:15-08:00,1,18
global.js,25,js,ff112bb8,altilapia,2025-01-31,00:37:15,-08:00,2025-01-31T00:37:15-08:00,0,0
global.js,26,js,ff112bb8,altilapia,2025-01-31,00:37:15,-08:00,2025-01-31T00:37:15-08:00,1,69
global.js,27,js,ff112bb8,altilapia,2025-01-31,00:37:15,-08:00,2025-01-31T00:37:15-08:00,1,44
global.js,28,js,ff112bb8,altilapia,2025-01-31,00:37:15,-08:00,2025-01-31T00:37:15-08:00,2,89
global.js,29,js,ff112bb8,altilapia,2025-01-31,00:37:15,-08:00,2025-01-31T00:37:15-08:00,3,24
global.js,30,js,81cb7503,altilapia,2025-01-31,00:46:41,-08:00,2025-01-31T00:46:41-08:00,3,15
global.js,31,js,e1277ce0,altilapia,2025-01-25,01:44:30,-08:00,2025-01-25T01:44:30-08:00,2,0
global.js,32,js,81cb7503,altilapia,2025-01-31,00:46:41,-08:00,2025-01-31T00:46:41-08:00,2,9
global.js,33,js,81cb7503,altilapia,2025-01-31,00:46:41,-08:00,2025-01-31T00:46:41-08:00,2,39
global.js,34,js,81cb7503,altilapia,2025-01-31,00:46:41,-08:00,2025-01-31T00:46:41-08:00,2,2
global.js,35,js,ff112bb8,altilapia,2025-01-31,00:37:15,-08:00,2025-01-31T00:37:15-08:00,1,0
global.js,36,js,df655639,altilapia,2025-01-25,00:40:39,-08:00,2025-01-25T00:40:39-08:00,0,0
global.js,37,js,ff112bb8,altilapia,2025-01-31,00:37:15,-08:00,2025-01-31T00:37:15-08:00,1,26
global.js,38,js,ff112bb8,altilapia,2025-01-31,00:37:15,-08:00,2025-01-31T00:37:15-08:00,1,34
global.js,39,js,ff112bb8,altilapia,2025-01-31,00:37:15,-08:00,2025-01-31T00:37:15-08:00,1,11
global.js,40,js,ff112bb8,altilapia,2025-01-31,00:37:15,-08:00,2025-01-31T00:37:15-08:00,1,20
global.js,41,js,df655639,altilapia,2025-01-25,00:40:39,-08:00,2025-01-25T00:40:39-08:00,0,0
global.js,42,js,df655639,altilapia,2025-01-25,00:40:39,-08:00,2025-01-25T00:40:39-08:00,0,0
global.js,43,js,ff112bb8,altilapia,2025-01-31,00:37:15,-08:00,2025-01-31T00:37:15-08:00,1,77
global.js,44,js,ff112bb8,altilapia,2025-01-31,00:37:15,-08:00,2025-01-31T00:37:15-08:00,1,45
global.js,45,js,ff112bb8,altilapia,2025-01-31,00:37:15,-08:00,2025-01-31T00:37:15-08:00,1,54
global.js,46,js,ff112bb8,altilapia,2025-01-31,00:37:15,-08:00,2025-01-31T00:37:15-08:00,0,0
global.js,47,js,ff112bb8,altilapia,2025-01-31,00:37:15,-08:00,2025-01-31T00:37:15-08:00,1,40
global.js,48,js,ff112bb8,altilapia,2025-01-31,00:37:15,-08:00,2025-01-31T00:37:15-08:00,1,18
global.js,49,js,ff112bb8,altilapia,2025-01-31,00:37:15,-08:00,2025-01-31T00:37:15-08:00,1,28
global.js,50,js,ff112bb8,altilapia,2025-01-31,00:37:15,-08:00,2025-01-31T00:37:15-08:00,0,0
global.js,51,js,ff112bb8,altilapia,2025-01-31,00:37:15,-08:00,2025-01-31T00:37:15-08:00,1,89
global.js,52,js,ff112bb8,altilapia,2025-01-31,00:37:15,-08:00,2025-01-31T00:37:15-08:00,0,0
global.js,53,js,ff112bb8,altilapia,2025-01-31,00:37:15,-08:00,2025-01-31T00:37:15-08:00,1,29
global.js,54,js,ff112bb8,altilapia,2025-01-31,00:37:15,-08:00,2025-01-31T00:37:15-08:00,1,45
global.js,55,js,ff112bb8,altilapia,2025-01-31,00:37:15,-08:00,2025-01-31T00:37:15-08:00,1,25
global.js,56,js,ff112bb8,altilapia,2025-01-31,00:37:15,-08:00,2025-01-31T00:37:15-08:00,1,0
global.js,57,js,ff112bb8,altilapia,2025-01-31,00:37:15,-08:00,2025-01-31T00:37:15-08:00,0,0
global.js,58,js,ff112bb8,altilapia,2025-01-31,00:37:15,-08:00,2025-01-31T00:37:15-08:00,0,0
global.js,59,js,ff112bb8,altilapia,2025-01-31,00:37:15,-08:00,2025-01-31T00:37:15-08:00,1,29
global.js,60,js,ff112bb8,altilapia,2025-01-31,00:37:15,-08:00,2025-01-31T00:37:15-08:00,1,12
global.js,61,js,ff112bb8,altilapia,2025-01-31,00:37:15,-08:00,2025-01-31T00:37:15-08:00,0,0
global.js,62,js,df655639,altilapia,2025-01-25,00:40:39,-08:00,2025-01-25T00:40:39-08:00,0,0
global.js,63,js,df655639,altilapia,2025-01-25,00:40:39,-08:00,2025-01-25T00:40:39-08:00,0,31
global.js,64,js,ff112bb8,altilapia,2025-01-31,00:37:15,-08:00,2025-01-31T00:37:15-08:00,1,11
global.js,65,js,ff112bb8,altilapia,2025-01-31,00:37:15,-08:00,2025-01-31T00:37:15-08:00,1,0
global.js,66,js,ff112bb8,altilapia,2025-01-31,00:37:15,-08:00,2025-01-31T00:37:15-08:00,1,26
global.js,67,js,ff112bb8,altilapia,2025-01-31,00:37:15,-08:00,2025-01-31T00:37:15-08:00,2,4
global.js,68,js,ff112bb8,altilapia,2025-01-31,00:37:15,-08:00,2025-01-31T00:37:15-08:00,2,31
global.js,69,js,ff112bb8,altilapia,2025-01-31,00:37:15,-08:00,2025-01-31T00:37:15-08:00,3,42
global.js,70,js,ff112bb8,altilapia,2025-01-31,00:37:15,-08:00,2025-01-31T00:37:15-08:00,3,34
global.js,71,js,ff112bb8,altilapia,2025-01-31,00:37:15,-08:00,2025-01-31T00:37:15-08:00,3,32
global.js,72,js,ff112bb8,altilapia,2025-01-31,00:37:15,-08:00,2025-01-31T00:37:15-08:00,2,7
global.js,73,js,ff112bb8,altilapia,2025-01-31,00:37:15,-08:00,2025-01-31T00:37:15-08:00,1,7
global.js,74,js,ff112bb8,altilapia,2025-01-31,00:37:15,-08:00,2025-01-31T00:37:15-08:00,0,0
global.js,75,js,df655639,altilapia,2025-01-25,00:40:39,-08:00,2025-01-25T00:40:39-08:00,0,0
global.js,76,js,df655639,altilapia,2025-01-25,00:40:39,-08:00,2025-01-25T00:40:39-08:00,0,60
global.js,77,js,df655639,altilapia,2025-01-25,00:40:39,-08:00,2025-01-25T00:40:39-08:00,0,0
global.js,78,js,ff112bb8,altilapia,2025-01-31,00:37:15,-08:00,2025-01-31T00:37:15-08:00,0,34
global.js,79,js,ff112bb8,altilapia,2025-01-31,00:37:15,-08:00,2025-01-31T00:37:15-08:00,1,42
global.js,80,js,ff112bb8,altilapia,2025-01-31,00:37:15,-08:00,2025-01-31T00:37:15-08:00,1,69
global.js,81,js,ff112bb8,altilapia,2025-01-31,00:37:15,-08:00,2025-01-31T00:37:15-08:00,1,24
global.js,82,js,df655639,altilapia,2025-01-25,00:40:39,-08:00,2025-01-25T00:40:39-08:00,0,6
global.js,83,js,ff112bb8,altilapia,2025-01-31,00:37:15,-08:00,2025-01-31T00:37:15-08:00,1,71
global.js,84,js,ff112bb8,altilapia,2025-01-31,00:37:15,-08:00,2025-01-31T00:37:15-08:00,1,26
global.js,85,js,df655639,altilapia,2025-01-25,00:40:39,-08:00,2025-01-25T00:40:39-08:00,0,0
global.js,86,js,df655639,altilapia,2025-01-25,00:40:39,-08:00,2025-01-25T00:40:39-08:00,0,0
global.js,87,js,df655639,altilapia,2025-01-25,00:40:39,-08:00,2025-01-25T00:40:39-08:00,0,49
global.js,88,js,df655639,altilapia,2025-01-25,00:40:39,-08:00,2025-01-25T00:40:39-08:00,1,39
global.js,89,js,df655639,altilapia,2025-01-25,00:40:39,-08:00,2025-01-25T00:40:39-08:00,1,52
global.js,90,js,df655639,altilapia,2025-01-25,00:40:39,-08:00,2025-01-25T00:40:39-08:00,1,0
global.js,91,js,df655639,altilapia,2025-01-25,00:40:39,-08:00,2025-01-25T00:40:39-08:00,1,72
global.js,92,js,df655639,altilapia,2025-01-25,00:40:39,-08:00,2025-01-25T00:40:39-08:00,1,39
global.js,93,js,df655639,altilapia,2025-01-25,00:40:39,-08:00,2025-01-25T00:40:39-08:00,0,1
global.js,94,js,df655639,altilapia,2025-01-25,00:40:39,-08:00,2025-01-25T00:40:39-08:00,0,0
global.js,95,js,ff112bb8,altilapia,2025-01-31,00:37:15,-08:00,2025-01-31T00:37:15-08:00,0,25
global.js,96,js,0292441f,altilapia,2025-01-25,01:31:31,-08:00,2025-01-25T01:31:31-08:00,0,49
global.js,97,js,ff112bb8,altilapia,2025-01-31,00:37:15,-08:00,2025-01-31T00:37:15-08:00,0,103
global.js,98,js,ff112bb8,altilapia,2025-01-31,00:37:15,-08:00,2025-01-31T00:37:15-08:00,1,3
global.js,99,js,ff112bb8,altilapia,2025-01-31,00:37:15,-08:00,2025-01-31T00:37:15-08:00,1,14
global.js,100,js,0292441f,altilapia,2025-01-25,01:31:31,-08:00,2025-01-25T01:31:31-08:00,0,37
global.js,101,js,df655639,altilapia,2025-01-25,00:40:39,-08:00,2025-01-25T00:40:39-08:00,0,0
global.js,102,js,be7b8fb3,altilapia,2025-01-30,20:27:20,-08:00,2025-01-30T20:27:20-08:00,0,36
global.js,103,js,be7b8fb3,altilapia,2025-01-30,20:27:20,-08:00,2025-01-30T20:27:20-08:00,1,3
global.js,104,js,7629137a,altilapia,2025-01-31,02:29:10,-08:00,2025-01-31T02:29:10-08:00,2,32
global.js,105,js,27750d0d,altilapia,2025-01-31,02:30:57,-08:00,2025-01-31T02:30:57-08:00,0,0
global.js,106,js,14de6def,altilapia,2025-02-07,19:38:03,-08:00,2025-02-07T19:38:03-08:00,2,62
global.js,107,js,cc036058,altilapia,2025-02-07,18:09:14,-08:00,2025-02-07T18:09:14-08:00,2,38
global.js,108,js,629a16e7,altilapia,2025-01-31,02:03:20,-08:00,2025-01-31T02:03:20-08:00,2,82
global.js,109,js,5d4a9280,altilapia,2025-02-07,17:49:39,-08:00,2025-02-07T17:49:39-08:00,3,135
global.js,110,js,5d4a9280,altilapia,2025-02-07,17:49:39,-08:00,2025-02-07T17:49:39-08:00,3,4
global.js,111,js,90806575,altilapia,2025-02-07,18:03:38,-08:00,2025-02-07T18:03:38-08:00,0,0
global.js,112,js,7bbb47d1,altilapia,2025-01-31,02:08:49,-08:00,2025-01-31T02:08:49-08:00,2,40
global.js,113,js,7bbb47d1,altilapia,2025-01-31,02:08:49,-08:00,2025-01-31T02:08:49-08:00,0,0
global.js,114,js,e8d31dd2,altilapia,2025-01-31,01:10:55,-08:00,2025-01-31T01:10:55-08:00,2,40
global.js,115,js,ff112bb8,altilapia,2025-01-31,00:37:15,-08:00,2025-01-31T00:37:15-08:00,2,17
global.js,116,js,ff112bb8,altilapia,2025-01-31,00:37:15,-08:00,2025-01-31T00:37:15-08:00,3,66
global.js,117,js,ff112bb8,altilapia,2025-01-31,00:37:15,-08:00,2025-01-31T00:37:15-08:00,2,0
global.js,118,js,ff112bb8,altilapia,2025-01-31,00:37:15,-08:00,2025-01-31T00:37:15-08:00,2,33
global.js,119,js,ff112bb8,altilapia,2025-01-31,00:37:15,-08:00,2025-01-31T00:37:15-08:00,2,10
global.js,120,js,be7b8fb3,altilapia,2025-01-30,20:27:20,-08:00,2025-01-30T20:27:20-08:00,1,15
global.js,121,js,ff112bb8,altilapia,2025-01-31,00:37:15,-08:00,2025-01-31T00:37:15-08:00,2,59
global.js,122,js,be7b8fb3,altilapia,2025-01-30,20:27:20,-08:00,2025-01-30T20:27:20-08:00,1,0
global.js,123,js,be7b8fb3,altilapia,2025-01-30,20:27:20,-08:00,2025-01-30T20:27:20-08:00,0,0
global.js,124,js,90806575,altilapia,2025-02-07,18:03:38,-08:00,2025-02-07T18:03:38-08:00,0,0
global.js,125,js,90806575,altilapia,2025-02-07,18:03:38,-08:00,2025-02-07T18:03:38-08:00,0,39
global.js,126,js,90806575,altilapia,2025-02-07,18:03:38,-08:00,2025-02-07T18:03:38-08:00,0,8
global.js,127,js,90806575,altilapia,2025-02-07,18:03:38,-08:00,2025-02-07T18:03:38-08:00,0,24
global.js,128,js,90806575,altilapia,2025-02-07,18:03:38,-08:00,2025-02-07T18:03:38-08:00,0,41
global.js,129,js,90806575,altilapia,2025-02-07,18:03:38,-08:00,2025-02-07T18:03:38-08:00,0,26
global.js,130,js,90806575,altilapia,2025-02-07,18:03:38,-08:00,2025-02-07T18:03:38-08:00,0,77
global.js,131,js,90806575,altilapia,2025-02-07,18:03:38,-08:00,2025-02-07T18:03:38-08:00,0,8
global.js,132,js,90806575,altilapia,2025-02-07,18:03:38,-08:00,2025-02-07T18:03:38-08:00,0,42
global.js,133,js,90806575,altilapia,2025-02-07,18:03:38,-08:00,2025-02-07T18:03:38-08:00,0,19
global.js,134,js,90806575,altilapia,2025-02-07,18:03:38,-08:00,2025-02-07T18:03:38-08:00,0,20
global.js,135,js,90806575,altilapia,2025-02-07,18:03:38,-08:00,2025-02-07T18:03:38-08:00,0,68
global.js,136,js,90806575,altilapia,2025-02-07,18:03:38,-08:00,2025-02-07T18:03:38-08:00,0,4
global.js,137,js,90806575,altilapia,2025-02-07,18:03:38,-08:00,2025-02-07T18:03:38-08:00,0,2
global.js,138,js,90806575,altilapia,2025-02-07,18:03:38,-08:00,2025-02-07T18:03:38-08:00,0,0
global.js,139,js,be7b8fb3,altilapia,2025-01-30,20:27:20,-08:00,2025-01-30T20:27:20-08:00,0,79
global.js,140,js,ff112bb8,altilapia,2025-01-31,00:37:15,-08:00,2025-01-31T00:37:15-08:00,1,61
global.js,141,js,ff112bb8,altilapia,2025-01-31,00:37:15,-08:00,2025-01-31T00:37:15-08:00,1,17
global.js,142,js,ff112bb8,altilapia,2025-01-31,00:37:15,-08:00,2025-01-31T00:37:15-08:00,2,55
global.js,143,js,ff112bb8,altilapia,2025-01-31,00:37:15,-08:00,2025-01-31T00:37:15-08:00,1,0
global.js,144,js,ff112bb8,altilapia,2025-01-31,00:37:15,-08:00,2025-01-31T00:37:15-08:00,0,0
global.js,145,js,be7b8fb3,altilapia,2025-01-30,20:27:20,-08:00,2025-01-30T20:27:20-08:00,1,30
global.js,146,js,be7b8fb3,altilapia,2025-01-30,20:27:20,-08:00,2025-01-30T20:27:20-08:00,0,0
global.js,147,js,be7b8fb3,altilapia,2025-01-30,20:27:20,-08:00,2025-01-30T20:27:20-08:00,1,27
global.js,148,js,be7b8fb3,altilapia,2025-01-30,20:27:20,-08:00,2025-01-30T20:27:20-08:00,2,68
global.js,149,js,be7b8fb3,altilapia,2025-01-30,20:27:20,-08:00,2025-01-30T20:27:20-08:00,3,42
global.js,150,js,be7b8fb3,altilapia,2025-01-30,20:27:20,-08:00,2025-01-30T20:27:20-08:00,3,5
global.js,151,js,be7b8fb3,altilapia,2025-01-30,20:27:20,-08:00,2025-01-30T20:27:20-08:00,2,0
global.js,152,js,be7b8fb3,altilapia,2025-01-30,20:27:20,-08:00,2025-01-30T20:27:20-08:00,0,0
global.js,153,js,ff112bb8,altilapia,2025-01-31,00:37:15,-08:00,2025-01-31T00:37:15-08:00,2,51
global.js,154,js,ff112bb8,altilapia,2025-01-31,00:37:15,-08:00,2025-01-31T00:37:15-08:00,2,34
global.js,155,js,ff112bb8,altilapia,2025-01-31,00:37:15,-08:00,2025-01-31T00:37:15-08:00,0,0
global.js,156,js,ff112bb8,altilapia,2025-01-31,00:37:15,-08:00,2025-01-31T00:37:15-08:00,0,0
global.js,157,js,be7b8fb3,altilapia,2025-01-30,20:27:20,-08:00,2025-01-30T20:27:20-08:00,2,48
global.js,158,js,ff112bb8,altilapia,2025-01-31,00:37:15,-08:00,2025-01-31T00:37:15-08:00,2,55
global.js,159,js,be7b8fb3,altilapia,2025-01-30,20:27:20,-08:00,2025-01-30T20:27:20-08:00,0,0
global.js,160,js,be7b8fb3,altilapia,2025-01-30,20:27:20,-08:00,2025-01-30T20:27:20-08:00,2,19
global.js,161,js,be7b8fb3,altilapia,2025-01-30,20:27:20,-08:00,2025-01-30T20:27:20-08:00,3,49
global.js,162,js,be7b8fb3,altilapia,2025-01-30,20:27:20,-08:00,2025-01-30T20:27:20-08:00,3,49
global.js,163,js,b5d82210,altilapia,2025-02-07,17:19:56,-08:00,2025-02-07T17:19:56-08:00,3,3
global.js,164,js,b5d82210,altilapia,2025-02-07,17:19:56,-08:00,2025-02-07T17:19:56-08:00,4,27
global.js,165,js,b5d82210,altilapia,2025-02-07,17:19:56,-08:00,2025-02-07T17:19:56-08:00,4,24
global.js,166,js,b5d82210,altilapia,2025-02-07,17:19:56,-08:00,2025-02-07T17:19:56-08:00,3,4
global.js,167,js,be7b8fb3,altilapia,2025-01-30,20:27:20,-08:00,2025-01-30T20:27:20-08:00,3,69
global.js,168,js,be7b8fb3,altilapia,2025-01-30,20:27:20,-08:00,2025-01-30T20:27:20-08:00,2,0
global.js,169,js,be7b8fb3,altilapia,2025-01-30,20:27:20,-08:00,2025-01-30T20:27:20-08:00,0,0
global.js,170,js,be7b8fb3,altilapia,2025-01-30,20:27:20,-08:00,2025-01-30T20:27:20-08:00,2,36
global.js,171,js,be7b8fb3,altilapia,2025-01-30,20:27:20,-08:00,2025-01-30T20:27:20-08:00,1,1
global.js,172,js,be7b8fb3,altilapia,2025-01-30,20:27:20,-08:00,2025-01-30T20:27:20-08:00,0,0
global.js,173,js,df655639,altilapia,2025-01-25,00:40:39,-08:00,2025-01-25T00:40:39-08:00,0,0
global.js,174,js,ff112bb8,altilapia,2025-01-31,00:37:15,-08:00,2025-01-31T00:37:15-08:00,0,47
global.js,175,js,ff112bb8,altilapia,2025-01-31,00:37:15,-08:00,2025-01-31T00:37:15-08:00,1,60
global.js,176,js,ff112bb8,altilapia,2025-01-31,00:37:15,-08:00,2025-01-31T00:37:15-08:00,0,0
resume\resume.html,1,html,791224d1,altilapia,2025-01-10,19:50:06,-08:00,2025-01-10T19:50:06-08:00,0,13
resume\resume.html,2,html,791224d1,altilapia,2025-01-10,19:50:06,-08:00,2025-01-10T19:50:06-08:00,0,14
resume\resume.html,3,html,791224d1,altilapia,2025-01-10,19:50:06,-08:00,2025-01-10T19:50:06-08:00,0,4
resume\resume.html,4,html,791224d1,altilapia,2025-01-10,19:50:06,-08:00,2025-01-10T19:50:06-08:00,2,20
resume\resume.html,5,html,791224d1,altilapia,2025-01-10,19:50:06,-08:00,2025-01-10T19:50:06-08:00,2,68
resume\resume.html,6,html,791224d1,altilapia,2025-01-10,19:50:06,-08:00,2025-01-10T19:50:06-08:00,2,19
resume\resume.html,7,html,596b6802,altilapia,2025-01-17,21:03:45,-08:00,2025-01-17T21:03:45-08:00,2,41
resume\resume.html,8,html,596b6802,altilapia,2025-01-17,21:03:45,-08:00,2025-01-17T21:03:45-08:00,2,42
resume\resume.html,9,html,ff112bb8,altilapia,2025-01-31,00:37:15,-08:00,2025-01-31T00:37:15-08:00,2,54
resume\resume.html,10,html,ff112bb8,altilapia,2025-01-31,00:37:15,-08:00,2025-01-31T00:37:15-08:00,2,0
resume\resume.html,11,html,fc0c0615,altilapia,2025-01-25,01:11:51,-08:00,2025-01-25T01:11:51-08:00,0,0
resume\resume.html,12,html,df655639,altilapia,2025-01-25,00:40:39,-08:00,2025-01-25T00:40:39-08:00,0,0
resume\resume.html,13,html,791224d1,altilapia,2025-01-10,19:50:06,-08:00,2025-01-10T19:50:06-08:00,0,5
resume\resume.html,14,html,791224d1,altilapia,2025-01-10,19:50:06,-08:00,2025-01-10T19:50:06-08:00,0,4
resume\resume.html,15,html,791224d1,altilapia,2025-01-10,19:50:06,-08:00,2025-01-10T19:50:06-08:00,2,0
resume\resume.html,16,html,791224d1,altilapia,2025-01-10,19:50:06,-08:00,2025-01-10T19:50:06-08:00,2,7
resume\resume.html,17,html,791224d1,altilapia,2025-01-10,19:50:06,-08:00,2025-01-10T19:50:06-08:00,4,6
resume\resume.html,18,html,791224d1,altilapia,2025-01-10,19:50:06,-08:00,2025-01-10T19:50:06-08:00,6,21
resume\resume.html,19,html,596b6802,altilapia,2025-01-17,21:03:45,-08:00,2025-01-17T21:03:45-08:00,6,49
resume\resume.html,20,html,596b6802,altilapia,2025-01-17,21:03:45,-08:00,2025-01-17T21:03:45-08:00,6,120
resume\resume.html,21,html,791224d1,altilapia,2025-01-10,19:50:06,-08:00,2025-01-10T19:50:06-08:00,0,0
resume\resume.html,22,html,791224d1,altilapia,2025-01-10,19:50:06,-08:00,2025-01-10T19:50:06-08:00,4,7
resume\resume.html,23,html,791224d1,altilapia,2025-01-10,19:50:06,-08:00,2025-01-10T19:50:06-08:00,2,8
resume\resume.html,24,html,791224d1,altilapia,2025-01-10,19:50:06,-08:00,2025-01-10T19:50:06-08:00,0,0
resume\resume.html,25,html,791224d1,altilapia,2025-01-10,19:50:06,-08:00,2025-01-10T19:50:06-08:00,2,7
resume\resume.html,26,html,791224d1,altilapia,2025-01-10,19:50:06,-08:00,2025-01-10T19:50:06-08:00,4,6
resume\resume.html,27,html,596b6802,altilapia,2025-01-17,21:03:45,-08:00,2025-01-17T21:03:45-08:00,6,17
resume\resume.html,28,html,791224d1,altilapia,2025-01-10,19:50:06,-08:00,2025-01-10T19:50:06-08:00,4,7
resume\resume.html,29,html,791224d1,altilapia,2025-01-10,19:50:06,-08:00,2025-01-10T19:50:06-08:00,0,0
resume\resume.html,30,html,791224d1,altilapia,2025-01-10,19:50:06,-08:00,2025-01-10T19:50:06-08:00,4,7
resume\resume.html,31,html,791224d1,altilapia,2025-01-10,19:50:06,-08:00,2025-01-10T19:50:06-08:00,6,29
resume\resume.html,32,html,791224d1,altilapia,2025-01-10,19:50:06,-08:00,2025-01-10T19:50:06-08:00,6,41
resume\resume.html,33,html,596b6802,altilapia,2025-01-17,21:03:45,-08:00,2025-01-17T21:03:45-08:00,6,95
resume\resume.html,34,html,596b6802,altilapia,2025-01-17,21:03:45,-08:00,2025-01-17T21:03:45-08:00,6,20
resume\resume.html,35,html,596b6802,altilapia,2025-01-17,21:03:45,-08:00,2025-01-17T21:03:45-08:00,6,229
resume\resume.html,36,html,791224d1,altilapia,2025-01-10,19:50:06,-08:00,2025-01-10T19:50:06-08:00,4,8
resume\resume.html,37,html,596b6802,altilapia,2025-01-17,21:03:45,-08:00,2025-01-17T21:03:45-08:00,4,0
resume\resume.html,38,html,791224d1,altilapia,2025-01-10,19:50:06,-08:00,2025-01-10T19:50:06-08:00,0,0
resume\resume.html,39,html,791224d1,altilapia,2025-01-10,19:50:06,-08:00,2025-01-10T19:50:06-08:00,4,7
resume\resume.html,40,html,791224d1,altilapia,2025-01-10,19:50:06,-08:00,2025-01-10T19:50:06-08:00,6,29
resume\resume.html,41,html,791224d1,altilapia,2025-01-10,19:50:06,-08:00,2025-01-10T19:50:06-08:00,6,41
resume\resume.html,42,html,596b6802,altilapia,2025-01-17,21:03:45,-08:00,2025-01-17T21:03:45-08:00,6,97
resume\resume.html,43,html,791224d1,altilapia,2025-01-10,19:50:06,-08:00,2025-01-10T19:50:06-08:00,6,20
resume\resume.html,44,html,596b6802,altilapia,2025-01-17,21:03:45,-08:00,2025-01-17T21:03:45-08:00,6,245
resume\resume.html,45,html,791224d1,altilapia,2025-01-10,19:50:06,-08:00,2025-01-10T19:50:06-08:00,4,8
resume\resume.html,46,html,791224d1,altilapia,2025-01-10,19:50:06,-08:00,2025-01-10T19:50:06-08:00,4,0
resume\resume.html,47,html,791224d1,altilapia,2025-01-10,19:50:06,-08:00,2025-01-10T19:50:06-08:00,4,0
resume\resume.html,48,html,791224d1,altilapia,2025-01-10,19:50:06,-08:00,2025-01-10T19:50:06-08:00,4,7
resume\resume.html,49,html,791224d1,altilapia,2025-01-10,19:50:06,-08:00,2025-01-10T19:50:06-08:00,6,29
resume\resume.html,50,html,791224d1,altilapia,2025-01-10,19:50:06,-08:00,2025-01-10T19:50:06-08:00,6,41
resume\resume.html,51,html,596b6802,altilapia,2025-01-17,21:03:45,-08:00,2025-01-17T21:03:45-08:00,6,73
resume\resume.html,52,html,791224d1,altilapia,2025-01-10,19:50:06,-08:00,2025-01-10T19:50:06-08:00,6,20
resume\resume.html,53,html,596b6802,altilapia,2025-01-17,21:03:45,-08:00,2025-01-17T21:03:45-08:00,6,231
resume\resume.html,54,html,791224d1,altilapia,2025-01-10,19:50:06,-08:00,2025-01-10T19:50:06-08:00,4,8
resume\resume.html,55,html,791224d1,altilapia,2025-01-10,19:50:06,-08:00,2025-01-10T19:50:06-08:00,4,0
resume\resume.html,56,html,791224d1,altilapia,2025-01-10,19:50:06,-08:00,2025-01-10T19:50:06-08:00,2,8
resume\resume.html,57,html,791224d1,altilapia,2025-01-10,19:50:06,-08:00,2025-01-10T19:50:06-08:00,0,0
resume\resume.html,58,html,791224d1,altilapia,2025-01-10,19:50:06,-08:00,2025-01-10T19:50:06-08:00,2,7
resume\resume.html,59,html,791224d1,altilapia,2025-01-10,19:50:06,-08:00,2025-01-10T19:50:06-08:00,4,6
resume\resume.html,60,html,596b6802,altilapia,2025-01-17,21:03:45,-08:00,2025-01-17T21:03:45-08:00,6,16
resume\resume.html,61,html,791224d1,altilapia,2025-01-10,19:50:06,-08:00,2025-01-10T19:50:06-08:00,4,7
resume\resume.html,62,html,791224d1,altilapia,2025-01-10,19:50:06,-08:00,2025-01-10T19:50:06-08:00,4,24
resume\resume.html,63,html,791224d1,altilapia,2025-01-10,19:50:06,-08:00,2025-01-10T19:50:06-08:00,4,17
resume\resume.html,64,html,596b6802,altilapia,2025-01-17,21:03:45,-08:00,2025-01-17T21:03:45-08:00,4,49
resume\resume.html,65,html,596b6802,altilapia,2025-01-17,21:03:45,-08:00,2025-01-17T21:03:45-08:00,4,96
resume\resume.html,66,html,791224d1,altilapia,2025-01-10,19:50:06,-08:00,2025-01-10T19:50:06-08:00,4,18
resume\resume.html,67,html,791224d1,altilapia,2025-01-10,19:50:06,-08:00,2025-01-10T19:50:06-08:00,2,8
resume\resume.html,68,html,791224d1,altilapia,2025-01-10,19:50:06,-08:00,2025-01-10T19:50:06-08:00,0,0
resume\resume.html,69,html,791224d1,altilapia,2025-01-10,19:50:06,-08:00,2025-01-10T19:50:06-08:00,2,7
resume\resume.html,70,html,791224d1,altilapia,2025-01-10,19:50:06,-08:00,2025-01-10T19:50:06-08:00,4,6
resume\resume.html,71,html,596b6802,altilapia,2025-01-17,21:03:45,-08:00,2025-01-17T21:03:45-08:00,6,13
resume\resume.html,72,html,791224d1,altilapia,2025-01-10,19:50:06,-08:00,2025-01-10T19:50:06-08:00,4,7
resume\resume.html,73,html,791224d1,altilapia,2025-01-10,19:50:06,-08:00,2025-01-10T19:50:06-08:00,4,2
resume\resume.html,74,html,791224d1,altilapia,2025-01-10,19:50:06,-08:00,2025-01-10T19:50:06-08:00,6,14
resume\resume.html,75,html,791224d1,altilapia,2025-01-10,19:50:06,-08:00,2025-01-10T19:50:06-08:00,6,14
resume\resume.html,76,html,791224d1,altilapia,2025-01-10,19:50:06,-08:00,2025-01-10T19:50:06-08:00,6,14
resume\resume.html,77,html,791224d1,altilapia,2025-01-10,19:50:06,-08:00,2025-01-10T19:50:06-08:00,6,14
resume\resume.html,78,html,791224d1,altilapia,2025-01-10,19:50:06,-08:00,2025-01-10T19:50:06-08:00,6,14
resume\resume.html,79,html,791224d1,altilapia,2025-01-10,19:50:06,-08:00,2025-01-10T19:50:06-08:00,5,3
resume\resume.html,80,html,791224d1,altilapia,2025-01-10,19:50:06,-08:00,2025-01-10T19:50:06-08:00,2,8
resume\resume.html,81,html,791224d1,altilapia,2025-01-10,19:50:06,-08:00,2025-01-10T19:50:06-08:00,0,0
resume\resume.html,82,html,df655639,altilapia,2025-01-25,00:40:39,-08:00,2025-01-25T00:40:39-08:00,0,0
resume\resume.html,83,html,791224d1,altilapia,2025-01-10,19:50:06,-08:00,2025-01-10T19:50:06-08:00,0,5
resume\resume.html,84,html,791224d1,altilapia,2025-01-10,19:50:06,-08:00,2025-01-10T19:50:06-08:00,0,5
projects\projects.js,1,js,be7b8fb3,altilapia,2025-01-30,20:27:20,-08:00,2025-01-30T20:27:20-08:00,0,55
projects\projects.js,2,js,b5d82210,altilapia,2025-02-07,17:19:56,-08:00,2025-02-07T17:19:56-08:00,0,63
projects\projects.js,3,js,be7b8fb3,altilapia,2025-01-30,20:27:20,-08:00,2025-01-30T20:27:20-08:00,0,0
projects\projects.js,4,js,90806575,altilapia,2025-02-07,18:03:38,-08:00,2025-02-07T18:03:38-08:00,0,0
projects\projects.js,5,js,90806575,altilapia,2025-02-07,18:03:38,-08:00,2025-02-07T18:03:38-08:00,0,55
projects\projects.js,6,js,90806575,altilapia,2025-02-07,18:03:38,-08:00,2025-02-07T18:03:38-08:00,0,60
projects\projects.js,7,js,90806575,altilapia,2025-02-07,18:03:38,-08:00,2025-02-07T18:03:38-08:00,0,48
projects\projects.js,8,js,b5d82210,altilapia,2025-02-07,17:19:56,-08:00,2025-02-07T17:19:56-08:00,0,21
projects\projects.js,9,js,b5d82210,altilapia,2025-02-07,17:19:56,-08:00,2025-02-07T17:19:56-08:00,0,13
projects\projects.js,10,js,be7b8fb3,altilapia,2025-01-30,20:27:20,-08:00,2025-01-30T20:27:20-08:00,0,0
projects\projects.js,11,js,90806575,altilapia,2025-02-07,18:03:38,-08:00,2025-02-07T18:03:38-08:00,0,53
projects\projects.js,12,js,90806575,altilapia,2025-02-07,18:03:38,-08:00,2025-02-07T18:03:38-08:00,0,0
projects\projects.js,13,js,90806575,altilapia,2025-02-07,18:03:38,-08:00,2025-02-07T18:03:38-08:00,0,48
projects\projects.js,14,js,90806575,altilapia,2025-02-07,18:03:38,-08:00,2025-02-07T18:03:38-08:00,2,39
projects\projects.js,15,js,b5d82210,altilapia,2025-02-07,17:19:56,-08:00,2025-02-07T17:19:56-08:00,0,0
projects\projects.js,16,js,b5d82210,altilapia,2025-02-07,17:19:56,-08:00,2025-02-07T17:19:56-08:00,2,51
projects\projects.js,17,js,b5d82210,altilapia,2025-02-07,17:19:56,-08:00,2025-02-07T17:19:56-08:00,4,59
projects\projects.js,18,js,90806575,altilapia,2025-02-07,18:03:38,-08:00,2025-02-07T18:03:38-08:00,4,28
projects\projects.js,19,js,b5d82210,altilapia,2025-02-07,17:19:56,-08:00,2025-02-07T17:19:56-08:00,2,1
projects\projects.js,20,js,b5d82210,altilapia,2025-02-07,17:19:56,-08:00,2025-02-07T17:19:56-08:00,0,0
projects\projects.js,21,js,b5d82210,altilapia,2025-02-07,17:19:56,-08:00,2025-02-07T17:19:56-08:00,2,56
projects\projects.js,22,js,b5d82210,altilapia,2025-02-07,17:19:56,-08:00,2025-02-07T17:19:56-08:00,2,31
projects\projects.js,23,js,90806575,altilapia,2025-02-07,18:03:38,-08:00,2025-02-07T18:03:38-08:00,0,1
projects\projects.js,24,js,b5d82210,altilapia,2025-02-07,17:19:56,-08:00,2025-02-07T17:19:56-08:00,0,0
projects\projects.js,25,js,b5d82210,altilapia,2025-02-07,17:19:56,-08:00,2025-02-07T17:19:56-08:00,0,38
projects\projects.js,26,js,b5d82210,altilapia,2025-02-07,17:19:56,-08:00,2025-02-07T17:19:56-08:00,2,28
projects\projects.js,27,js,b5d82210,altilapia,2025-02-07,17:19:56,-08:00,2025-02-07T17:19:56-08:00,2,32
projects\projects.js,28,js,b5d82210,altilapia,2025-02-07,17:19:56,-08:00,2025-02-07T17:19:56-08:00,0,0
projects\projects.js,29,js,b5d82210,altilapia,2025-02-07,17:19:56,-08:00,2025-02-07T17:19:56-08:00,2,32
projects\projects.js,30,js,b5d82210,altilapia,2025-02-07,17:19:56,-08:00,2025-02-07T17:19:56-08:00,2,29
projects\projects.js,31,js,b5d82210,altilapia,2025-02-07,17:19:56,-08:00,2025-02-07T17:19:56-08:00,0,0
projects\projects.js,32,js,b5d82210,altilapia,2025-02-07,17:19:56,-08:00,2025-02-07T17:19:56-08:00,2,26
projects\projects.js,33,js,b5d82210,altilapia,2025-02-07,17:19:56,-08:00,2025-02-07T17:19:56-08:00,4,12
projects\projects.js,34,js,b5d82210,altilapia,2025-02-07,17:19:56,-08:00,2025-02-07T17:19:56-08:00,4,14
projects\projects.js,35,js,b5d82210,altilapia,2025-02-07,17:19:56,-08:00,2025-02-07T17:19:56-08:00,4,12
projects\projects.js,36,js,b5d82210,altilapia,2025-02-07,17:19:56,-08:00,2025-02-07T17:19:56-08:00,2,0
projects\projects.js,37,js,b5d82210,altilapia,2025-02-07,17:19:56,-08:00,2025-02-07T17:19:56-08:00,0,0
projects\projects.js,38,js,b5d82210,altilapia,2025-02-07,17:19:56,-08:00,2025-02-07T17:19:56-08:00,2,45
projects\projects.js,39,js,b5d82210,altilapia,2025-02-07,17:19:56,-08:00,2025-02-07T17:19:56-08:00,4,11
projects\projects.js,40,js,b5d82210,altilapia,2025-02-07,17:19:56,-08:00,2025-02-07T17:19:56-08:00,4,10
projects\projects.js,41,js,b5d82210,altilapia,2025-02-07,17:19:56,-08:00,2025-02-07T17:19:56-08:00,2,2
projects\projects.js,42,js,b5d82210,altilapia,2025-02-07,17:19:56,-08:00,2025-02-07T17:19:56-08:00,0,0
projects\projects.js,43,js,b5d82210,altilapia,2025-02-07,17:19:56,-08:00,2025-02-07T17:19:56-08:00,2,57
projects\projects.js,44,js,b5d82210,altilapia,2025-02-07,17:19:56,-08:00,2025-02-07T17:19:56-08:00,2,50
projects\projects.js,45,js,b5d82210,altilapia,2025-02-07,17:19:56,-08:00,2025-02-07T17:19:56-08:00,2,33
projects\projects.js,46,js,b5d82210,altilapia,2025-02-07,17:19:56,-08:00,2025-02-07T17:19:56-08:00,2,45
projects\projects.js,47,js,b5d82210,altilapia,2025-02-07,17:19:56,-08:00,2025-02-07T17:19:56-08:00,2,47
projects\projects.js,48,js,b5d82210,altilapia,2025-02-07,17:19:56,-08:00,2025-02-07T17:19:56-08:00,0,0
projects\projects.js,49,js,b5d82210,altilapia,2025-02-07,17:19:56,-08:00,2025-02-07T17:19:56-08:00,2,24
projects\projects.js,50,js,b5d82210,altilapia,2025-02-07,17:19:56,-08:00,2025-02-07T17:19:56-08:00,4,19
projects\projects.js,51,js,b5d82210,altilapia,2025-02-07,17:19:56,-08:00,2025-02-07T17:19:56-08:00,6,13
projects\projects.js,52,js,90806575,altilapia,2025-02-07,18:03:38,-08:00,2025-02-07T18:03:38-08:00,6,22
projects\projects.js,53,js,b5d82210,altilapia,2025-02-07,17:19:56,-08:00,2025-02-07T17:19:56-08:00,6,25
projects\projects.js,54,js,b5d82210,altilapia,2025-02-07,17:19:56,-08:00,2025-02-07T17:19:56-08:00,6,39
projects\projects.js,55,js,b5d82210,altilapia,2025-02-07,17:19:56,-08:00,2025-02-07T17:19:56-08:00,6,18
projects\projects.js,56,js,b5d82210,altilapia,2025-02-07,17:19:56,-08:00,2025-02-07T17:19:56-08:00,8,43
projects\projects.js,57,js,90806575,altilapia,2025-02-07,18:03:38,-08:00,2025-02-07T18:03:38-08:00,8,24
projects\projects.js,58,js,90806575,altilapia,2025-02-07,18:03:38,-08:00,2025-02-07T18:03:38-08:00,10,53
projects\projects.js,59,js,90806575,altilapia,2025-02-07,18:03:38,-08:00,2025-02-07T18:03:38-08:00,8,6
projects\projects.js,60,js,90806575,altilapia,2025-02-07,18:03:38,-08:00,2025-02-07T18:03:38-08:00,10,43
projects\projects.js,61,js,90806575,altilapia,2025-02-07,18:03:38,-08:00,2025-02-07T18:03:38-08:00,10,86
projects\projects.js,62,js,90806575,altilapia,2025-02-07,18:03:38,-08:00,2025-02-07T18:03:38-08:00,10,56
projects\projects.js,63,js,90806575,altilapia,2025-02-07,18:03:38,-08:00,2025-02-07T18:03:38-08:00,8,0
projects\projects.js,64,js,90806575,altilapia,2025-02-07,18:03:38,-08:00,2025-02-07T18:03:38-08:00,8,28
projects\projects.js,65,js,90806575,altilapia,2025-02-07,18:03:38,-08:00,2025-02-07T18:03:38-08:00,0,0
projects\projects.js,66,js,b5d82210,altilapia,2025-02-07,17:19:56,-08:00,2025-02-07T17:19:56-08:00,6,1
projects\projects.js,67,js,b5d82210,altilapia,2025-02-07,17:19:56,-08:00,2025-02-07T17:19:56-08:00,2,1
projects\projects.js,68,js,b5d82210,altilapia,2025-02-07,17:19:56,-08:00,2025-02-07T17:19:56-08:00,0,0
projects\projects.js,69,js,b5d82210,altilapia,2025-02-07,17:19:56,-08:00,2025-02-07T17:19:56-08:00,2,24
projects\projects.js,70,js,b5d82210,altilapia,2025-02-07,17:19:56,-08:00,2025-02-07T17:19:56-08:00,4,17
projects\projects.js,71,js,b5d82210,altilapia,2025-02-07,17:19:56,-08:00,2025-02-07T17:19:56-08:00,6,27
projects\projects.js,72,js,b5d82210,altilapia,2025-02-07,17:19:56,-08:00,2025-02-07T17:19:56-08:00,6,38
projects\projects.js,73,js,b5d82210,altilapia,2025-02-07,17:19:56,-08:00,2025-02-07T17:19:56-08:00,6,41
projects\projects.js,74,js,b5d82210,altilapia,2025-02-07,17:19:56,-08:00,2025-02-07T17:19:56-08:00,6,69
projects\projects.js,75,js,b5d82210,altilapia,2025-02-07,17:19:56,-08:00,2025-02-07T17:19:56-08:00,2,1
projects\projects.js,76,js,90806575,altilapia,2025-02-07,18:03:38,-08:00,2025-02-07T18:03:38-08:00,0,0
projects\projects.js,77,js,be7b8fb3,altilapia,2025-01-30,20:27:20,-08:00,2025-01-30T20:27:20-08:00,0,0
projects\projects.js,78,js,be7b8fb3,altilapia,2025-01-30,20:27:20,-08:00,2025-01-30T20:27:20-08:00,0,0
projects\projects.js,79,js,90806575,altilapia,2025-02-07,18:03:38,-08:00,2025-02-07T18:03:38-08:00,0,0
projects\projects.js,80,js,90806575,altilapia,2025-02-07,18:03:38,-08:00,2025-02-07T18:03:38-08:00,0,23
projects\projects.js,81,js,90806575,altilapia,2025-02-07,18:03:38,-08:00,2025-02-07T18:03:38-08:00,0,0
projects\projects.js,82,js,90806575,altilapia,2025-02-07,18:03:38,-08:00,2025-02-07T18:03:38-08:00,0,58
projects\projects.js,83,js,90806575,altilapia,2025-02-07,18:03:38,-08:00,2025-02-07T18:03:38-08:00,0,66
projects\projects.js,84,js,90806575,altilapia,2025-02-07,18:03:38,-08:00,2025-02-07T18:03:38-08:00,0,0
projects\projects.js,85,js,90806575,altilapia,2025-02-07,18:03:38,-08:00,2025-02-07T18:03:38-08:00,0,24
projects\projects.js,86,js,90806575,altilapia,2025-02-07,18:03:38,-08:00,2025-02-07T18:03:38-08:00,0,16
projects\projects.js,87,js,90806575,altilapia,2025-02-07,18:03:38,-08:00,2025-02-07T18:03:38-08:00,0,0
projects\projects.js,88,js,90806575,altilapia,2025-02-07,18:03:38,-08:00,2025-02-07T18:03:38-08:00,0,32
projects\projects.js,89,js,90806575,altilapia,2025-02-07,18:03:38,-08:00,2025-02-07T18:03:38-08:00,0,10
projects\projects.js,90,js,90806575,altilapia,2025-02-07,18:03:38,-08:00,2025-02-07T18:03:38-08:00,0,84
projects\projects.js,91,js,90806575,altilapia,2025-02-07,18:03:38,-08:00,2025-02-07T18:03:38-08:00,0,50
projects\projects.js,92,js,90806575,altilapia,2025-02-07,18:03:38,-08:00,2025-02-07T18:03:38-08:00,0,49
projects\projects.js,93,js,90806575,altilapia,2025-02-07,18:03:38,-08:00,2025-02-07T18:03:38-08:00,0,20
projects\projects.js,94,js,90806575,altilapia,2025-02-07,18:03:38,-08:00,2025-02-07T18:03:38-08:00,0,10
projects\projects.js,95,js,90806575,altilapia,2025-02-07,18:03:38,-08:00,2025-02-07T18:03:38-08:00,0,0
projects\projects.js,96,js,90806575,altilapia,2025-02-07,18:03:38,-08:00,2025-02-07T18:03:38-08:00,0,71
projects\projects.js,97,js,90806575,altilapia,2025-02-07,18:03:38,-08:00,2025-02-07T18:03:38-08:00,0,34
projects\projects.js,98,js,90806575,altilapia,2025-02-07,18:03:38,-08:00,2025-02-07T18:03:38-08:00,0,60
projects\projects.js,99,js,90806575,altilapia,2025-02-07,18:03:38,-08:00,2025-02-07T18:03:38-08:00,0,20
projects\projects.js,100,js,90806575,altilapia,2025-02-07,18:03:38,-08:00,2025-02-07T18:03:38-08:00,0,10
projects\projects.js,101,js,90806575,altilapia,2025-02-07,18:03:38,-08:00,2025-02-07T18:03:38-08:00,0,0
projects\projects.js,102,js,90806575,altilapia,2025-02-07,18:03:38,-08:00,2025-02-07T18:03:38-08:00,0,111
projects\projects.js,103,js,90806575,altilapia,2025-02-07,18:03:38,-08:00,2025-02-07T18:03:38-08:00,0,0
projects\projects.js,104,js,90806575,altilapia,2025-02-07,18:03:38,-08:00,2025-02-07T18:03:38-08:00,0,59
projects\projects.js,105,js,90806575,altilapia,2025-02-07,18:03:38,-08:00,2025-02-07T18:03:38-08:00,0,34
projects\projects.js,106,js,90806575,altilapia,2025-02-07,18:03:38,-08:00,2025-02-07T18:03:38-08:00,0,0
projects\projects.js,107,js,90806575,altilapia,2025-02-07,18:03:38,-08:00,2025-02-07T18:03:38-08:00,0,64
projects\projects.js,108,js,90806575,altilapia,2025-02-07,18:03:38,-08:00,2025-02-07T18:03:38-08:00,0,59
projects\projects.js,109,js,90806575,altilapia,2025-02-07,18:03:38,-08:00,2025-02-07T18:03:38-08:00,0,54
projects\projects.js,110,js,90806575,altilapia,2025-02-07,18:03:38,-08:00,2025-02-07T18:03:38-08:00,0,55
projects\projects.js,111,js,90806575,altilapia,2025-02-07,18:03:38,-08:00,2025-02-07T18:03:38-08:00,0,12
projects\projects.js,112,js,90806575,altilapia,2025-02-07,18:03:38,-08:00,2025-02-07T18:03:38-08:00,0,0
projects\projects.js,113,js,90806575,altilapia,2025-02-07,18:03:38,-08:00,2025-02-07T18:03:38-08:00,0,22
projects\projects.js,114,js,90806575,altilapia,2025-02-07,18:03:38,-08:00,2025-02-07T18:03:38-08:00,0,57
projects\projects.js,115,js,90806575,altilapia,2025-02-07,18:03:38,-08:00,2025-02-07T18:03:38-08:00,0,6
projects\projects.js,116,js,90806575,altilapia,2025-02-07,18:03:38,-08:00,2025-02-07T18:03:38-08:00,0,2
projects\projects.js,117,js,90806575,altilapia,2025-02-07,18:03:38,-08:00,2025-02-07T18:03:38-08:00,0,0
projects\projects.js,118,js,90806575,altilapia,2025-02-07,18:03:38,-08:00,2025-02-07T18:03:38-08:00,0,53
projects\projects.js,119,js,90806575,altilapia,2025-02-07,18:03:38,-08:00,2025-02-07T18:03:38-08:00,0,58
projects\projects.js,120,js,90806575,altilapia,2025-02-07,18:03:38,-08:00,2025-02-07T18:03:38-08:00,0,70
projects\projects.js,121,js,90806575,altilapia,2025-02-07,18:03:38,-08:00,2025-02-07T18:03:38-08:00,0,51
projects\projects.js,122,js,90806575,altilapia,2025-02-07,18:03:38,-08:00,2025-02-07T18:03:38-08:00,0,94
projects\projects.js,123,js,90806575,altilapia,2025-02-07,18:03:38,-08:00,2025-02-07T18:03:38-08:00,0,44
projects\projects.js,124,js,90806575,altilapia,2025-02-07,18:03:38,-08:00,2025-02-07T18:03:38-08:00,0,8
projects\projects.js,125,js,90806575,altilapia,2025-02-07,18:03:38,-08:00,2025-02-07T18:03:38-08:00,0,0
projects\projects.js,126,js,90806575,altilapia,2025-02-07,18:03:38,-08:00,2025-02-07T18:03:38-08:00,0,63
projects\projects.js,127,js,90806575,altilapia,2025-02-07,18:03:38,-08:00,2025-02-07T18:03:38-08:00,0,38
projects\projects.js,128,js,90806575,altilapia,2025-02-07,18:03:38,-08:00,2025-02-07T18:03:38-08:00,0,2
projects\projects.js,129,js,90806575,altilapia,2025-02-07,18:03:38,-08:00,2025-02-07T18:03:38-08:00,0,0
projects\projects.js,130,js,90806575,altilapia,2025-02-07,18:03:38,-08:00,2025-02-07T18:03:38-08:00,0,41
projects\projects.js,131,js,90806575,altilapia,2025-02-07,18:03:38,-08:00,2025-02-07T18:03:38-08:00,0,35
projects\projects.js,132,js,90806575,altilapia,2025-02-07,18:03:38,-08:00,2025-02-07T18:03:38-08:00,0,39
projects\projects.js,133,js,90806575,altilapia,2025-02-07,18:03:38,-08:00,2025-02-07T18:03:38-08:00,0,0
projects\projects.js,134,js,90806575,altilapia,2025-02-07,18:03:38,-08:00,2025-02-07T18:03:38-08:00,0,39
projects\projects.js,135,js,90806575,altilapia,2025-02-07,18:03:38,-08:00,2025-02-07T18:03:38-08:00,0,36
projects\projects.js,136,js,90806575,altilapia,2025-02-07,18:03:38,-08:00,2025-02-07T18:03:38-08:00,0,0
projects\projects.js,137,js,90806575,altilapia,2025-02-07,18:03:38,-08:00,2025-02-07T18:03:38-08:00,0,33
projects\projects.js,138,js,90806575,altilapia,2025-02-07,18:03:38,-08:00,2025-02-07T18:03:38-08:00,0,23
projects\projects.js,139,js,90806575,altilapia,2025-02-07,18:03:38,-08:00,2025-02-07T18:03:38-08:00,0,25
projects\projects.js,140,js,90806575,altilapia,2025-02-07,18:03:38,-08:00,2025-02-07T18:03:38-08:00,0,23
projects\projects.js,141,js,90806575,altilapia,2025-02-07,18:03:38,-08:00,2025-02-07T18:03:38-08:00,0,7
projects\projects.js,142,js,90806575,altilapia,2025-02-07,18:03:38,-08:00,2025-02-07T18:03:38-08:00,0,0
projects\projects.js,143,js,90806575,altilapia,2025-02-07,18:03:38,-08:00,2025-02-07T18:03:38-08:00,0,52
projects\projects.js,144,js,90806575,altilapia,2025-02-07,18:03:38,-08:00,2025-02-07T18:03:38-08:00,0,22
projects\projects.js,145,js,90806575,altilapia,2025-02-07,18:03:38,-08:00,2025-02-07T18:03:38-08:00,0,21
projects\projects.js,146,js,90806575,altilapia,2025-02-07,18:03:38,-08:00,2025-02-07T18:03:38-08:00,0,9
projects\projects.js,147,js,90806575,altilapia,2025-02-07,18:03:38,-08:00,2025-02-07T18:03:38-08:00,0,0
projects\projects.js,148,js,90806575,altilapia,2025-02-07,18:03:38,-08:00,2025-02-07T18:03:38-08:00,0,64
projects\projects.js,149,js,90806575,altilapia,2025-02-07,18:03:38,-08:00,2025-02-07T18:03:38-08:00,0,57
projects\projects.js,150,js,90806575,altilapia,2025-02-07,18:03:38,-08:00,2025-02-07T18:03:38-08:00,0,40
projects\projects.js,151,js,90806575,altilapia,2025-02-07,18:03:38,-08:00,2025-02-07T18:03:38-08:00,0,52
projects\projects.js,152,js,90806575,altilapia,2025-02-07,18:03:38,-08:00,2025-02-07T18:03:38-08:00,0,54
projects\projects.js,153,js,90806575,altilapia,2025-02-07,18:03:38,-08:00,2025-02-07T18:03:38-08:00,0,0
projects\projects.js,154,js,90806575,altilapia,2025-02-07,18:03:38,-08:00,2025-02-07T18:03:38-08:00,0,31
projects\projects.js,155,js,90806575,altilapia,2025-02-07,18:03:38,-08:00,2025-02-07T18:03:38-08:00,0,30
projects\projects.js,156,js,90806575,altilapia,2025-02-07,18:03:38,-08:00,2025-02-07T18:03:38-08:00,0,28
projects\projects.js,157,js,90806575,altilapia,2025-02-07,18:03:38,-08:00,2025-02-07T18:03:38-08:00,0,37
projects\projects.js,158,js,90806575,altilapia,2025-02-07,18:03:38,-08:00,2025-02-07T18:03:38-08:00,0,40
projects\projects.js,159,js,90806575,altilapia,2025-02-07,18:03:38,-08:00,2025-02-07T18:03:38-08:00,0,54
projects\projects.js,160,js,90806575,altilapia,2025-02-07,18:03:38,-08:00,2025-02-07T18:03:38-08:00,0,33
projects\projects.js,161,js,90806575,altilapia,2025-02-07,18:03:38,-08:00,2025-02-07T18:03:38-08:00,0,62
projects\projects.js,162,js,90806575,altilapia,2025-02-07,18:03:38,-08:00,2025-02-07T18:03:38-08:00,0,82
projects\projects.js,163,js,90806575,altilapia,2025-02-07,18:03:38,-08:00,2025-02-07T18:03:38-08:00,0,16
projects\projects.js,164,js,90806575,altilapia,2025-02-07,18:03:38,-08:00,2025-02-07T18:03:38-08:00,0,8
projects\projects.js,165,js,90806575,altilapia,2025-02-07,18:03:38,-08:00,2025-02-07T18:03:38-08:00,0,0
projects\projects.js,166,js,90806575,altilapia,2025-02-07,18:03:38,-08:00,2025-02-07T18:03:38-08:00,0,31
projects\projects.js,167,js,90806575,altilapia,2025-02-07,18:03:38,-08:00,2025-02-07T18:03:38-08:00,0,28
projects\projects.js,168,js,90806575,altilapia,2025-02-07,18:03:38,-08:00,2025-02-07T18:03:38-08:00,0,42
projects\projects.js,169,js,90806575,altilapia,2025-02-07,18:03:38,-08:00,2025-02-07T18:03:38-08:00,0,53
projects\projects.js,170,js,90806575,altilapia,2025-02-07,18:03:38,-08:00,2025-02-07T18:03:38-08:00,0,56
projects\projects.js,171,js,90806575,altilapia,2025-02-07,18:03:38,-08:00,2025-02-07T18:03:38-08:00,0,84
projects\projects.js,172,js,90806575,altilapia,2025-02-07,18:03:38,-08:00,2025-02-07T18:03:38-08:00,0,8
projects\projects.js,173,js,90806575,altilapia,2025-02-07,18:03:38,-08:00,2025-02-07T18:03:38-08:00,0,2
projects\projects.js,174,js,90806575,altilapia,2025-02-07,18:03:38,-08:00,2025-02-07T18:03:38-08:00,0,0
projects\projects.js,175,js,90806575,altilapia,2025-02-07,18:03:38,-08:00,2025-02-07T18:03:38-08:00,0,16
projects\index.html,1,html,596b6802,altilapia,2025-01-17,21:03:45,-08:00,2025-01-17T21:03:45-08:00,0,13
projects\index.html,2,html,596b6802,altilapia,2025-01-17,21:03:45,-08:00,2025-01-17T21:03:45-08:00,0,14
projects\index.html,3,html,596b6802,altilapia,2025-01-17,21:03:45,-08:00,2025-01-17T21:03:45-08:00,0,4
projects\index.html,4,html,596b6802,altilapia,2025-01-17,21:03:45,-08:00,2025-01-17T21:03:45-08:00,2,20
projects\index.html,5,html,596b6802,altilapia,2025-01-17,21:03:45,-08:00,2025-01-17T21:03:45-08:00,2,68
projects\index.html,6,html,596b6802,altilapia,2025-01-17,21:03:45,-08:00,2025-01-17T21:03:45-08:00,2,56
projects\index.html,7,html,596b6802,altilapia,2025-01-17,21:03:45,-08:00,2025-01-17T21:03:45-08:00,2,41
projects\index.html,8,html,be7b8fb3,altilapia,2025-01-30,20:27:20,-08:00,2025-01-30T20:27:20-08:00,2,54
projects\index.html,9,html,ff112bb8,altilapia,2025-01-31,00:37:15,-08:00,2025-01-31T00:37:15-08:00,2,53
projects\index.html,10,html,df655639,altilapia,2025-01-25,00:40:39,-08:00,2025-01-25T00:40:39-08:00,0,0
projects\index.html,11,html,596b6802,altilapia,2025-01-17,21:03:45,-08:00,2025-01-17T21:03:45-08:00,0,5
projects\index.html,12,html,596b6802,altilapia,2025-01-17,21:03:45,-08:00,2025-01-17T21:03:45-08:00,0,4
projects\index.html,13,html,b5d82210,altilapia,2025-02-07,17:19:56,-08:00,2025-02-07T17:19:56-08:00,2,38
projects\index.html,14,html,b5d82210,altilapia,2025-02-07,17:19:56,-08:00,2025-02-07T17:19:56-08:00,2,21
projects\index.html,15,html,b5d82210,altilapia,2025-02-07,17:19:56,-08:00,2025-02-07T17:19:56-08:00,3,52
projects\index.html,16,html,b5d82210,altilapia,2025-02-07,17:19:56,-08:00,2025-02-07T17:19:56-08:00,3,4
projects\index.html,17,html,b5d82210,altilapia,2025-02-07,17:19:56,-08:00,2025-02-07T17:19:56-08:00,3,17
projects\index.html,18,html,b5d82210,altilapia,2025-02-07,17:19:56,-08:00,2025-02-07T17:19:56-08:00,3,3
projects\index.html,19,html,596b6802,altilapia,2025-01-17,21:03:45,-08:00,2025-01-17T21:03:45-08:00,2,4
projects\index.html,20,html,596b6802,altilapia,2025-01-17,21:03:45,-08:00,2025-01-17T21:03:45-08:00,0,0
projects\index.html,21,html,b5d82210,altilapia,2025-02-07,17:19:56,-08:00,2025-02-07T17:19:56-08:00,2,4
projects\index.html,22,html,b5d82210,altilapia,2025-02-07,17:19:56,-08:00,2025-02-07T17:19:56-08:00,2,15
projects\index.html,23,html,b5d82210,altilapia,2025-02-07,17:19:56,-08:00,2025-02-07T17:19:56-08:00,2,11
projects\index.html,24,html,b5d82210,altilapia,2025-02-07,17:19:56,-08:00,2025-02-07T17:19:56-08:00,2,26
projects\index.html,25,html,b5d82210,altilapia,2025-02-07,17:19:56,-08:00,2025-02-07T17:19:56-08:00,2,31
projects\index.html,26,html,b5d82210,altilapia,2025-02-07,17:19:56,-08:00,2025-02-07T17:19:56-08:00,2,0
projects\index.html,27,html,df655639,altilapia,2025-01-25,00:40:39,-08:00,2025-01-25T00:40:39-08:00,0,0
projects\index.html,28,html,b5d82210,altilapia,2025-02-07,17:19:56,-08:00,2025-02-07T17:19:56-08:00,2,26
projects\index.html,29,html,596b6802,altilapia,2025-01-17,21:03:45,-08:00,2025-01-17T21:03:45-08:00,0,5
projects\index.html,30,html,596b6802,altilapia,2025-01-17,21:03:45,-08:00,2025-01-17T21:03:45-08:00,0,5
meta\index.html,1,html,857fd09f,altilapia,2025-02-12,03:01:05,-08:00,2025-02-12T03:01:05-08:00,0,13
meta\index.html,2,html,857fd09f,altilapia,2025-02-12,03:01:05,-08:00,2025-02-12T03:01:05-08:00,0,14
meta\index.html,3,html,857fd09f,altilapia,2025-02-12,03:01:05,-08:00,2025-02-12T03:01:05-08:00,0,4
meta\index.html,4,html,857fd09f,altilapia,2025-02-12,03:01:05,-08:00,2025-02-12T03:01:05-08:00,2,20
meta\index.html,5,html,857fd09f,altilapia,2025-02-12,03:01:05,-08:00,2025-02-12T03:01:05-08:00,2,68
meta\index.html,6,html,857fd09f,altilapia,2025-02-12,03:01:05,-08:00,2025-02-12T03:01:05-08:00,2,65
meta\index.html,7,html,857fd09f,altilapia,2025-02-12,03:01:05,-08:00,2025-02-12T03:01:05-08:00,2,41
meta\index.html,8,html,857fd09f,altilapia,2025-02-12,03:01:05,-08:00,2025-02-12T03:01:05-08:00,2,54
meta\index.html,9,html,857fd09f,altilapia,2025-02-12,03:01:05,-08:00,2025-02-12T03:01:05-08:00,2,0
meta\index.html,10,html,857fd09f,altilapia,2025-02-12,03:01:05,-08:00,2025-02-12T03:01:05-08:00,0,0
meta\index.html,11,html,857fd09f,altilapia,2025-02-12,03:01:05,-08:00,2025-02-12T03:01:05-08:00,0,0
meta\index.html,12,html,857fd09f,altilapia,2025-02-12,03:01:05,-08:00,2025-02-12T03:01:05-08:00,0,5
meta\index.html,13,html,857fd09f,altilapia,2025-02-12,03:01:05,-08:00,2025-02-12T03:01:05-08:00,0,4
meta\index.html,14,html,857fd09f,altilapia,2025-02-12,03:01:05,-08:00,2025-02-12T03:01:05-08:00,2,11
meta\index.html,15,html,857fd09f,altilapia,2025-02-12,03:01:05,-08:00,2025-02-12T03:01:05-08:00,2,61
meta\index.html,16,html,857fd09f,altilapia,2025-02-12,03:01:05,-08:00,2025-02-12T03:01:05-08:00,0,0
meta\index.html,17,html,857fd09f,altilapia,2025-02-12,03:01:05,-08:00,2025-02-12T03:01:05-08:00,0,5
meta\index.html,18,html,857fd09f,altilapia,2025-02-12,03:01:05,-08:00,2025-02-12T03:01:05-08:00,0,5
contact\index.html,1,html,791224d1,altilapia,2025-01-10,19:50:06,-08:00,2025-01-10T19:50:06-08:00,0,13
contact\index.html,2,html,791224d1,altilapia,2025-01-10,19:50:06,-08:00,2025-01-10T19:50:06-08:00,0,14
contact\index.html,3,html,791224d1,altilapia,2025-01-10,19:50:06,-08:00,2025-01-10T19:50:06-08:00,0,4
contact\index.html,4,html,791224d1,altilapia,2025-01-10,19:50:06,-08:00,2025-01-10T19:50:06-08:00,2,20
contact\index.html,5,html,791224d1,altilapia,2025-01-10,19:50:06,-08:00,2025-01-10T19:50:06-08:00,2,68
contact\index.html,6,html,791224d1,altilapia,2025-01-10,19:50:06,-08:00,2025-01-10T19:50:06-08:00,2,56
contact\index.html,7,html,596b6802,altilapia,2025-01-17,21:03:45,-08:00,2025-01-17T21:03:45-08:00,2,41
contact\index.html,8,html,ff112bb8,altilapia,2025-01-31,00:37:15,-08:00,2025-01-31T00:37:15-08:00,2,54
contact\index.html,9,html,ff112bb8,altilapia,2025-01-31,00:37:15,-08:00,2025-01-31T00:37:15-08:00,2,0
contact\index.html,10,html,fc0c0615,altilapia,2025-01-25,01:11:51,-08:00,2025-01-25T01:11:51-08:00,0,0
contact\index.html,11,html,df655639,altilapia,2025-01-25,00:40:39,-08:00,2025-01-25T00:40:39-08:00,0,0
contact\index.html,12,html,791224d1,altilapia,2025-01-10,19:50:06,-08:00,2025-01-10T19:50:06-08:00,0,5
contact\index.html,13,html,791224d1,altilapia,2025-01-10,19:50:06,-08:00,2025-01-10T19:50:06-08:00,0,4
contact\index.html,14,html,596b6802,altilapia,2025-01-17,21:03:45,-08:00,2025-01-17T21:03:45-08:00,2,14
contact\index.html,15,html,791224d1,altilapia,2025-01-10,19:50:06,-08:00,2025-01-10T19:50:06-08:00,2,73
contact\index.html,16,html,791224d1,altilapia,2025-01-10,19:50:06,-08:00,2025-01-10T19:50:06-08:00,2,31
contact\index.html,17,html,791224d1,altilapia,2025-01-10,19:50:06,-08:00,2025-01-10T19:50:06-08:00,2,42
contact\index.html,18,html,791224d1,altilapia,2025-01-10,19:50:06,-08:00,2025-01-10T19:50:06-08:00,2,35
contact\index.html,19,html,791224d1,altilapia,2025-01-10,19:50:06,-08:00,2025-01-10T19:50:06-08:00,2,33
contact\index.html,20,html,791224d1,altilapia,2025-01-10,19:50:06,-08:00,2025-01-10T19:50:06-08:00,2,29
contact\index.html,21,html,791224d1,altilapia,2025-01-10,19:50:06,-08:00,2025-01-10T19:50:06-08:00,2,48
contact\index.html,22,html,791224d1,altilapia,2025-01-10,19:50:06,-08:00,2025-01-10T19:50:06-08:00,2,21
contact\index.html,23,html,791224d1,altilapia,2025-01-10,19:50:06,-08:00,2025-01-10T19:50:06-08:00,2,5
contact\index.html,24,html,df655639,altilapia,2025-01-25,00:40:39,-08:00,2025-01-25T00:40:39-08:00,0,0
contact\index.html,25,html,df655639,altilapia,2025-01-25,00:40:39,-08:00,2025-01-25T00:40:39-08:00,1,0
contact\index.html,26,html,df655639,altilapia,2025-01-25,00:40:39,-08:00,2025-01-25T00:40:39-08:00,0,0
contact\index.html,27,html,791224d1,altilapia,2025-01-10,19:50:06,-08:00,2025-01-10T19:50:06-08:00,0,5
contact\index.html,28,html,791224d1,altilapia,2025-01-10,19:50:06,-08:00,2025-01-10T19:50:06-08:00,0,5
